黑龙江省,哈尔滨市,黑龙江省,双江拉祜族佤族布朗族傣族自治县,云南省,临沧市,双江拉祜族佤族布朗族傣族自治县,,,15
吉林省,黑河市,黑龙江省,积石山保安族东乡族撒拉族自治县,甘肃省,临夏回族自治州,积石山保安族东乡族撒拉族自治县,,,15
辽宁省,伊春市,黑龙江省,镇沅彝族哈尼族拉祜族自治县,云南省,普洱市,镇沅彝族哈尼族拉祜族自治县,,,13
北京市,齐齐哈尔市,黑龙江省,元江哈尼族彝族傣族自治县,云南省,玉溪市,元江哈尼族彝族傣族自治县,,,12
天津,鹤岗市,黑龙江省,孟连傣族拉祜族佤族自治县,云南省,普洱市,孟连傣族拉祜族佤族自治县,,,12
河北省,佳木斯市,黑龙江省,威宁彝族回族苗族自治县,贵州省,毕节地区,威宁彝族回族苗族自治县,,,11
山西省,双鸭山市,黑龙江省,前郭尔罗斯蒙古族自治县,吉林省,松原市,前郭尔罗斯蒙古族自治县,,,11
内蒙古自治区,绥化市,黑龙江省,莫力达瓦达斡尔族自治旗,内蒙古自治区,呼伦贝尔市,莫力达瓦达斡尔族自治旗,,,11
江苏省,大庆市,黑龙江省,喀喇沁左翼蒙古族自治县,辽宁省,朝阳市,喀喇沁左翼蒙古族自治县,,,11
浙江省,七台河市,黑龙江省,金平苗族瑶族傣族自治县,云南省,红河哈尼族彝族自治州,金平苗族瑶族傣族自治县,,,11
安徽省,鸡西市,黑龙江省,紫云苗族布依族自治县,贵州省,安顺市,紫云苗族布依族自治县,,,10
福建省,牡丹江市,黑龙江省,镇宁布依族苗族自治县,贵州省,安顺市,镇宁布依族苗族自治县,,,10
江西省,绥芬河市,黑龙江省,酉阳土家族苗族自治县,重庆市,重庆市,酉阳土家族苗族自治县,,,10
山东省,长春市,吉林省,酉阳土家族苗族自治县,四川省,成都市,酉阳土家族苗族自治县,,,10
台湾,白城市,吉林省,印江土家族苗族自治县,贵州省,铜仁地区,印江土家族苗族自治县,,,10
河南省,松原市,吉林省,秀山土家族苗族自治县,重庆市,重庆市,秀山土家族苗族自治县,,,10
湖北省,吉林市,吉林省,务川仡佬族苗族自治县,贵州省,遵义市,务川仡佬族苗族自治县,,,10
湖南省,四平市,吉林省,围场满族蒙古族自治县,河北省,承德市,围场满族蒙古族自治县,,,10
广东省,辽源市,吉林省,彭水苗族土家族自治县,重庆市,重庆市,彭水苗族土家族自治县,,,10
广西壮族自治区,白山市,吉林省,宁洱哈尼族彝族自治县,云南省,普洱市,宁洱哈尼族彝族自治县,,,10
海南省,通化市,吉林省,兰坪白族普米族自治县,云南省,怒江傈僳族自治州,兰坪白族普米族自治县,,,10
四川省,延边朝鲜族自治州,吉林省,江城哈尼族彝族自治县,云南省,普洱市,江城哈尼族彝族自治县,,,10
重庆市,沈阳市,辽宁省,和布克赛尔蒙古自治县,新疆维吾尔自治区,塔城地区,和布克赛尔蒙古自治县,,,10
贵州省,铁岭市,辽宁省,关岭布依族苗族自治县,贵州省,安顺市,关岭布依族苗族自治县,,,10
云南省,阜新市,辽宁省,贡山独龙族怒族自治县,云南省,怒江傈僳族自治州,贡山独龙族怒族自治县,,,10
西藏自治区,抚顺市,辽宁省,杜尔伯特蒙古族自治县,黑龙江省,大庆市,杜尔伯特蒙古族自治县,,,10
陕西省,本溪市,辽宁省,道真仡佬族苗族自治县,贵州省,遵义市,道真仡佬族苗族自治县,,,10
甘肃省,辽阳市,辽宁省,阿克塞哈萨克族自治县,甘肃省,酒泉市,阿克塞哈萨克族自治县,,,10
青海省,马鞍山市,安徽省,郑州经济技术开发区,河南省,郑州市,郑州经济技术开发区,,,9
宁夏回族自治区,鞍山市,辽宁省,寻甸回族彝族自治县,云南省,昆明市,寻甸回族彝族自治县,,,9
新疆维吾尔自治区,盘锦市,辽宁省,新平彝族傣族自治县,云南省,玉溪市,新平彝族傣族自治县,,,9
上海,锦州市,辽宁省,巍山彝族回族自治县,云南省,大理白族自治州,巍山彝族回族自治县,,,9
香港,葫芦岛市,辽宁省,琼中黎族苗族自治县,海南省,琼中黎族苗族自治县,琼中黎族苗族自治县,,,9
澳门,营口市,辽宁省,民和回族土族自治县,青海省,海东地区,民和回族土族自治县,,,9
,丹东市,辽宁省,民和回族土族自治县,青海省,海东地区,民和回族土族自治县,,,9
,大连市,辽宁省,禄劝彝族苗族自治县,云南省,昆明市,禄劝彝族苗族自治县,,,9
,北京市,北京,连山壮族瑶族自治县,广东省,清远市,连山壮族瑶族自治县,,,9
,天津市,天津,靖州苗族侗族自治县,湖南省,怀化市,靖州苗族侗族自治县,,,9
,石家庄市,河北省,景谷傣族彝族自治县,云南省,普洱市,景谷傣族彝族自治县,,,9
,张家口市,河北省,耿马傣族佤族自治县,云南省,临沧市,耿马傣族佤族自治县,,,9
,承德市,河北省,东侨经济技术开发区,福建省,宁德市,东侨经济技术开发区,,,9
,唐山市,河北省,达尔罕茂明安联合旗,内蒙古自治区,包头市,达尔罕茂明安联合旗,,,9
,秦皇岛市,河北省,保亭黎族苗族自治县,海南省,保亭黎族苗族自治县,保亭黎族苗族自治县,,,9
,廊坊市,河北省,巴里坤哈萨克自治县,新疆维吾尔自治区,哈密地区,巴里坤哈萨克自治县,,,9
,保定市,河北省,高新技术产业开发区,吉林省,长春市,高新技术产业开发区,,,9
,沧州市,河北省,长阳土家族自治县,湖北省,宜昌市,长阳土家族自治县,,,8
,衡水市,河北省,玉龙纳西族自治县,云南省,丽江市,玉龙纳西族自治县,,,8
,邢台市,河北省,沿河土家族自治县,贵州省,铜仁地区,沿河土家族自治县,,,8
,邯郸市,河北省,循化撒拉族自治县,青海省,海东地区,循化撒拉族自治县,,,8
,太原市,山西省,五峰土家族自治县,湖北省,宜昌市,五峰土家族自治县,,,8
,吕梁市,山西省,维西傈僳族自治县,云南省,迪庆藏族自治州,维西傈僳族自治县,,,8
,临汾市,山西省,肃南裕固族自治县,甘肃省,张掖市,肃南裕固族自治县,,,8
,忻州市,山西省,肃北蒙古族自治县,甘肃省,酒泉市,肃北蒙古族自治县,,,8
,运城市,山西省,石柱土家族自治县,重庆市,重庆市,石柱土家族自治县,,,8
,晋中市,山西省,木垒哈萨克自治县,新疆维吾尔自治区,昌吉回族自治州,木垒哈萨克自治县,,,8
,朔州市,山西省,墨江哈尼族自治县,云南省,普洱市,墨江哈尼族自治县,,,8
,大同市,山西省,梅里斯达斡尔族区,黑龙江省,齐齐哈尔市,梅里斯达斡尔族区,,,8
,阳泉市,山西省,澜沧拉祜族自治县,云南省,普洱市,澜沧拉祜族自治县,,,8
,长治市,山西省,阜新蒙古族自治县,辽宁省,阜新市,阜新蒙古族自治县,,,8
,晋城市,山西省,芷江侗族自治县,湖南省,怀化市,芷江侗族自治县,,,7
,呼和浩特市,内蒙古自治区,伊通满族自治县,吉林省,四平市,伊通满族自治县,,,7
,包头市,内蒙古自治区,漾濞彝族自治县,云南省,大理白族自治州,漾濞彝族自治县,,,7
,乌海市,内蒙古自治区,洋浦经济开发区,海南省,省直辖,洋浦经济开发区,,,7
,赤峰市,内蒙古自治区,岫岩满族自治县,辽宁省,鞍山市,岫岩满族自治县,,,7
,通辽市,内蒙古自治区,新晃侗族自治县,湖南省,怀化市,新晃侗族自治县,,,7
,鄂尔多斯市,内蒙古自治区,新宾满族自治县,辽宁省,抚顺市,新宾满族自治县,,,7
,呼伦贝尔市,内蒙古自治区,西盟佤族自治县,云南省,普洱市,西盟佤族自治县,,,7
,巴彦淖尔市,内蒙古自治区,通道侗族自治县,湖南省,怀化市,通道侗族自治县,,,7
,乌兰察布市,内蒙古自治区,天祝藏族自治县,甘肃省,武威市,天祝藏族自治县,,,7
,兴安盟,内蒙古自治区,松桃苗族自治县,贵州省,铜仁地区,松桃苗族自治县,,,7
,锡林郭勒盟,内蒙古自治区,石林彝族自治县,云南省,昆明市,石林彝族自治县,,,7
,阿拉善盟,内蒙古自治区,三江侗族自治县,广西壮族自治区,柳州市,三江侗族自治县,,,7
,上海市,上海,三都水族自治县,贵州省,黔南布依族苗族自治州,三都水族自治县,,,7
,南京市,江苏省,乳源瑶族自治县,广东省,韶关市,乳源瑶族自治县,,,7
,连云港市,江苏省,融水苗族自治县,广西壮族自治区,柳州市,融水苗族自治县,,,7
,徐州市,江苏省,清原满族自治县,辽宁省,抚顺市,清原满族自治县,,,7
,宿迁市,江苏省,青龙满族自治县,河北省,秦皇岛市,青龙满族自治县,,,7
,淮安市,江苏省,屏边苗族自治县,云南省,红河哈尼族彝族自治州,屏边苗族自治县,,,7
,盐城市,江苏省,宁蒗彝族自治县,云南省,丽江市,宁蒗彝族自治县,,,7
,泰州市,江苏省,南涧彝族自治县,云南省,大理白族自治州,南涧彝族自治县,,,7
,扬州市,江苏省,木里藏族自治县,四川省,凉山彝族自治州,木里藏族自治县,,,7
,镇江市,江苏省,孟村回族自治县,河北省,沧州市,孟村回族自治县,,,7
,南通市,江苏省,门源回族自治县,青海省,海北藏族自治州,门源回族自治县,,,7
,常州市,江苏省,马边彝族自治县,四川省,乐山市,马边彝族自治县,,,7
,无锡市,江苏省,麻阳苗族自治县,湖南省,怀化市,麻阳苗族自治县,,,7
,苏州市,江苏省,隆林各族自治县,广西壮族自治区,百色市,隆林各族自治县,,,7
,杭州市,浙江省,龙胜各族自治县,广西壮族自治区,桂林市,龙胜各族自治县,,,7
,湖州市,浙江省,陵水黎族自治县,海南省,陵水黎族自治县,陵水黎族自治县,,,7
,嘉兴市,浙江省,连南瑶族自治县,广东省,清远市,连南瑶族自治县,,,7
,绍兴市,浙江省,乐东黎族自治县,海南省,乐东黎族自治县,乐东黎族自治县,,,7
,舟山市,浙江省,宽甸满族自治县,辽宁省,丹东市,宽甸满族自治县,,,7
,宁波市,浙江省,宽城满族自治县,河北省,承德市,宽城满族自治县,,,7
,金华市,浙江省,科尔沁左翼中旗,内蒙古自治区,通辽市,科尔沁左翼中旗,,,7
,衢州市,浙江省,科尔沁左翼后旗,内蒙古自治区,通辽市,科尔沁左翼后旗,,,7
,台州市,浙江省,科尔沁右翼中旗,内蒙古自治区,兴安盟,科尔沁右翼中旗,,,7
,丽水市,浙江省,科尔沁右翼前旗,内蒙古自治区,兴安盟,科尔沁右翼前旗,,,7
,温州市,浙江省,景宁畲族自治县,浙江省,丽水市,景宁畲族自治县,,,7
,慈溪市,浙江省,景东彝族自治县,云南省,普洱市,景东彝族自治县,,,7
,福州市,福建省,金秀瑶族自治县,广西壮族自治区,来宾市,金秀瑶族自治县,,,7
,宁德市,福建省,江华瑶族自治县,湖南省,永州市,江华瑶族自治县,,,7
,南平市,福建省,桓仁满族自治县,辽宁省,本溪市,桓仁满族自治县,,,7
,三明市,福建省,河口瑶族自治县,云南省,红河哈尼族彝族自治州,河口瑶族自治县,,,7
,莆田市,福建省,恭城瑶族自治县,广西壮族自治区,桂林市,恭城瑶族自治县,,,7
,龙岩市,福建省,富川瑶族自治县,广西壮族自治区,贺州市,富川瑶族自治县,,,7
,泉州市,福建省,丰宁满族自治县,河北省,承德市,丰宁满族自治县,,,7
,漳州市,福建省,鄂温克族自治旗,内蒙古自治区,呼伦贝尔市,鄂温克族自治旗,,,7
,厦门市,福建省,峨山彝族自治县,云南省,玉溪市,峨山彝族自治县,,,7
,合肥市,安徽省,峨边彝族自治县,四川省,乐山市,峨边彝族自治县,,,7
,淮北市,安徽省,都安瑶族自治县,广西壮族自治区,河池市,都安瑶族自治县,,,7
,亳州市,安徽省,大理白族自治州,云南省,大理白族自治州,大理市,,,7
,宿州市,安徽省,大厂回族自治县,河北省,廊坊市,大厂回族自治县,,,7
,蚌埠市,安徽省,城步苗族自治县,湖南省,邵阳市,城步苗族自治县,,,7
,阜阳市,安徽省,昌江黎族自治县,海南省,昌江黎族自治县,昌江黎族自治县,,,7
,淮南市,安徽省,察哈尔右翼中旗,内蒙古自治区,乌兰察布市,察哈尔右翼中旗,,,7
,滁州市,安徽省,察哈尔右翼前旗,内蒙古自治区,乌兰察布市,察哈尔右翼前旗,,,7
,六安市,安徽省,察哈尔右翼后旗,内蒙古自治区,乌兰察布市,察哈尔右翼后旗,,,7
,芜湖市,安徽省,沧源佤族自治县,云南省,临沧市,沧源佤族自治县,,,7
,宣城市,安徽省,本溪满族自治县,辽宁省,本溪市,本溪满族自治县,,,7
,铜陵市,安徽省,北川羌族自治县,四川省,绵阳市,北川羌族自治县,,,7
,池州市,安徽省,白沙黎族自治县,海南省,白沙黎族自治县,白沙黎族自治县,,,7
,安庆市,安徽省,巴马瑶族自治县,广西壮族自治区,河池市,巴马瑶族自治县,,,7
,黄山市,安徽省,净月旅游开发区,吉林省,长春市,净月旅游开发区,,,7
,济南市,山东省,汽车产业开发区,吉林省,长春市,汽车产业开发区,,,7
,德州市,山东省,三河市,河北省,廊坊市,三河市,该经开区代管三河市和霸州市,,3
,滨州市,山东省,鹰手营子矿区,河北省,承德市,鹰手营子矿区,,,6
,东营市,山东省,新巴尔虎左旗,内蒙古自治区,呼伦贝尔市,新巴尔虎左旗,,,6
,烟台市,山东省,新巴尔虎右旗,内蒙古自治区,呼伦贝尔市,新巴尔虎右旗,,,6
,威海市,山东省,西乌珠穆沁旗,内蒙古自治区,锡林郭勒盟,西乌珠穆沁旗,,,6
,淄博市,山东省,塔什库尔干县,新疆维吾尔自治区,喀什地区,塔什库尔干塔吉克自治县,,,6
,潍坊市,山东省,九华山风景区,安徽省,池州市,九华山风景区,,,6
,聊城市,山东省,回龙圩管理区,湖南省,永州市,回龙圩管理区,,,6
,泰安市,山东省,鄂伦春自治旗,内蒙古自治区,呼伦贝尔市,鄂伦春自治旗,,,6
,莱芜市,山东省,东乡族自治县,甘肃省,临夏回族自治州,东乡族自治县,,,6
,青岛市,山东省,东乌珠穆沁旗,内蒙古自治区,锡林郭勒盟,东乌珠穆沁旗,,,6
,日照市,山东省,白云鄂博矿区,内蒙古自治区,包头市,白云鄂博矿区,,,6
,济宁市,山东省,阿鲁科尔沁旗,内蒙古自治区,赤峰市,阿鲁科尔沁旗,,,6
,菏泽市,山东省,郑州高新区,河南省,郑州市,郑州高新区,,,5
,临沂市,山东省,云龙示范区,湖南省,株洲市,云龙示范区,,,5
,枣庄市,山东省,伊金霍洛旗,内蒙古自治区,鄂尔多斯市,伊金霍洛旗,,,5
,南昌市,江西省,叶集试验区,安徽省,六安市,叶集试验区,,,5
,九江市,江西省,香格里拉县,云南省,迪庆藏族自治州,香格里拉县,,,5
,景德镇市,江西省,锡林浩特市,内蒙古自治区,锡林郭勒盟,锡林浩特市,,,5
,上饶市,江西省,五大连池市,黑龙江省,黑河市,五大连池市,,,5
,鹰潭市,江西省,乌鲁木齐县,新疆维吾尔自治区,乌鲁木齐市,乌鲁木齐县,,,5
,抚州市,江西省,乌兰浩特市,内蒙古自治区,兴安盟,乌兰浩特市,,,5
,新余市,江西省,乌拉特中旗,内蒙古自治区,巴彦淖尔市,乌拉特中旗,,,5
,宜春市,江西省,乌拉特前旗,内蒙古自治区,巴彦淖尔市,乌拉特前旗,,,5
,萍乡市,江西省,乌拉特后旗,内蒙古自治区,巴彦淖尔市,乌拉特后旗,,,5
,吉安市,江西省,土默特左旗,内蒙古自治区,呼和浩特市,土默特左旗,,,5
,赣州市,江西省,土默特右旗,内蒙古自治区,包头市,土默特右旗,,,5
,郑州市,河南省,图木舒克市,新疆维吾尔自治区,自治区直辖县,图木舒克市,,,5
,安阳市,河南省,苏尼特左旗,内蒙古自治区,锡林郭勒盟,苏尼特左旗,,,5
,鹤壁市,河南省,苏尼特右旗,内蒙古自治区,锡林郭勒盟,苏尼特右旗,,,5
,濮阳市,河南省,顺河回族区,河南省,开封市,顺河回族区,,,5
,新乡市,河南省,神农架林区,湖北省,省直辖,神农架林区,,,5
,焦作市,河南省,沙依巴克区,新疆维吾尔自治区,乌鲁木齐市,沙依巴克区,,,5
,三门峡市,河南省,平桂管理区,广西壮族自治区,贺州市,平桂管理区,,,5
,开封市,河南省,墨竹工卡县,西藏自治区,拉萨市,墨竹工卡县,,,5
,洛阳市,河南省,毛集实验区,安徽省,淮南市,毛集实验区,,,5
,商丘市,河南省,克什克腾旗,内蒙古自治区,赤峰市,克什克腾旗,,,5
,许昌市,河南省,克拉玛依区,新疆维吾尔自治区,克拉玛依市,克拉玛依区,,,5
,平顶山市,河南省,金洞管理区,湖南省,永州市,金洞管理区,,,5
,周口市,河南省,加格达奇区,黑龙江省,大兴安岭地区,加格达奇区,,,5
,漯河市,河南省,吉木萨尔县,新疆维吾尔自治区,昌吉回族自治州,吉木萨尔县,,,5
,南阳市,河南省,霍林郭勒市,内蒙古自治区,通辽市,霍林郭勒市,,,5
,驻马店市,河南省,和林格尔县,内蒙古自治区,呼和浩特市,和林格尔县,,,5
,信阳市,河南省,管城回族区,河南省,郑州市,管城回族区,,,5
,济源市,河南省,工布江达县,西藏自治区,林芝地区,工布江达县,,,5
,长沙市,湖南省,富拉尔基区,黑龙江省,齐齐哈尔市,富拉尔基区,,,5
,岳阳市,湖南省,二连浩特市,内蒙古自治区,锡林郭勒盟,二连浩特市,,,5
,张家界市,湖南省,鄂托克前旗,内蒙古自治区,鄂尔多斯市,鄂托克前旗,,,5
,常德市,湖南省,额尔古纳市,内蒙古自治区,呼伦贝尔市,额尔古纳市,,,5
,益阳市,湖南省,堆龙德庆县,西藏自治区,拉萨市,堆龙德庆县,,,5
,湘潭市,湖南省,陈巴尔虎旗,内蒙古自治区,呼伦贝尔市,陈巴尔虎旗,,,5
,株洲市,湖南省,瀍河回族区,河南省,洛阳市,瀍河回族区,,,5
,娄底市,湖南省,察布查尔县,新疆维吾尔自治区,伊犁哈萨克自治州,察布查尔锡伯自治县,,,5
,怀化市,湖南省,阿拉善左旗,内蒙古自治区,阿拉善盟,阿拉善左旗,,,5
,邵阳市,湖南省,阿拉善右旗,内蒙古自治区,阿拉善盟,阿拉善右旗,,,5
,衡阳市,湖南省,阿拉山口市,新疆维吾尔自治区,博尔塔拉蒙古自治州,阿拉山口市,,,5
,永州市,湖南省,廛河回族区,河南省,洛阳市,廛河回族区,,,5
,郴州市,湖南省,苏州市新区,江苏省,苏州市,新区,,,5
,湘西土家族苗族自治州,湖南省,自流井区,四川省,自贡市,自流井区,,,4
,武汉市,湖北省,准格尔旗,内蒙古自治区,鄂尔多斯市,准格尔旗,,,4
,十堰市,湖北省,中沙群岛,海南省,中沙群岛的岛礁及其海域,中沙群岛的岛礁及其海域,,,4
,襄樊市,湖北省,中沙群岛,海南省,三沙市,中沙群岛,,,4
,随州市,湖北省,郑东新区,河南省,郑州市,郑东新区,,,4
,荆门市,湖北省,正镶白旗,内蒙古自治区,锡林郭勒盟,正镶白旗,,,4
,孝感市,湖北省,张家港市,江苏省,苏州市,张家港市,,,4
,宜昌市,湖北省,张家川回族自治县,甘肃省,天水市,张家川回族自治县,,,8
,黄冈市,湖北省,扎鲁特旗,内蒙古自治区,通辽市,扎鲁特旗,,,4
,鄂州市,湖北省,扎兰屯市,内蒙古自治区,呼伦贝尔市,扎兰屯市,,,4
,荆州市,湖北省,扎赉特旗,内蒙古自治区,兴安盟,扎赉特旗,,,4
,黄石市,湖北省,岳阳楼区,湖南省,岳阳市,岳阳楼区,,,4
,咸宁市,湖北省,岳普湖县,新疆维吾尔自治区,喀什地区,岳普湖县,,,4
,恩施土家族苗族自治州,湖北省,元宝山区,内蒙古自治区,赤峰市,元宝山区,,,4
,南宁市,广西壮族自治区,禹王台区,河南省,开封市,禹王台区,,,4
,桂林市,广西壮族自治区,雨花台区,江苏省,南京市,雨花台区,,,4
,河池市,广西壮族自治区,英吉沙县,新疆维吾尔自治区,喀什地区,英吉沙县,,,4
,贺州市,广西壮族自治区,羊山新区,河南省,信阳市,羊山新区,,,4
,柳州市,广西壮族自治区,牙克石市,内蒙古自治区,呼伦贝尔市,牙克石市,,,4
,百色市,广西壮族自治区,杏花岭区,山西省,太原市,杏花岭区,,,4
,来宾市,广西壮族自治区,兴隆台区,辽宁省,盘锦市,兴隆台区,,,4
,梧州市,广西壮族自治区,谢通门县,西藏自治区,日喀则市,谢通门县,,,4
,贵港市,广西壮族自治区,谢家集区,安徽省,淮南市,谢家集区,,,4
,玉林市,广西壮族自治区,下花园区,河北省,张家口市,下花园区,,,4
,崇左市,广西壮族自治区,西乡塘区,广西壮族自治区,南宁市,西乡塘区,,,4
,钦州市,广西壮族自治区,西沙群岛,海南省,西沙群岛,西沙群岛,,,4
,防城港市,广西壮族自治区,西沙群岛,海南省,三沙市,西沙群岛,,,4
,北海市,广西壮族自治区,西塞山区,湖北省,黄石市,西塞山区,,,4
,海口市,海南省,武夷山市,福建省,南平市,武夷山市,,,4
,三亚市,海南省,武陵源区,湖南省,张家界市,武陵源区,,,4
,三沙市,海南省,伍家岗区,湖北省,宜昌市,伍家岗区,,,4
,贵阳市,贵州省,五指山市,海南省,五指山市,五指山市,,,4
,遵义市,贵州省,五通桥区,四川省,乐山市,五通桥区,,,4
,六盘水市,贵州省,五家渠市,新疆维吾尔自治区,自治区直辖县,五家渠市,,,4
,安顺市,贵州省,乌伊岭区,黑龙江省,伊春市,乌伊岭区,,,4
,桑珠孜区,西藏自治区,乌马河区,黑龙江省,伊春市,乌马河区,,,4
,黔西南布依族苗族自治州,贵州省,乌尔禾区,新疆维吾尔自治区,克拉玛依市,乌尔禾区,,,4
,昆明市,云南省,翁牛特旗,内蒙古自治区,赤峰市,翁牛特旗,,,4
,昭通市,云南省,万柏林区,山西省,太原市,万柏林区,,,4
,丽江市,云南省,瓦房店市,辽宁省,大连市,瓦房店市,,,4
,曲靖市,云南省,托克逊县,新疆维吾尔自治区,吐鲁番地区,托克逊县,,,4
,保山市,云南省,托克托县,内蒙古自治区,呼和浩特市,托克托县,,,4
,玉溪市,云南省,吐鲁番市,新疆维吾尔自治区,吐鲁番地区,吐鲁番市,,,4
,临沧市,云南省,头屯河区,新疆维吾尔自治区,乌鲁木齐市,头屯河区,,,4
,普洱市,云南省,铜官山区,安徽省,铜陵市,铜官山区,,,4
,德宏市,云南省,铁山港区,广西壮族自治区,北海市,铁山港区,,,4
,怒江傈僳族自治州,云南省,铁门关市,新疆维吾尔自治区,省直管市,铁门关市,,,4
,迪庆市,云南省,调兵山市,辽宁省,铁岭市,调兵山市,,,4
,大理白族自治州,云南省,田家庵区,安徽省,淮南市,田家庵区,,,4
,楚雄彝族自治州,云南省,特克斯县,新疆维吾尔自治区,伊犁哈萨克自治州,特克斯县,,,4
,红河哈尼族彝族自治州,云南省,汤旺河区,黑龙江省,伊春市,汤旺河区,,,4
,西双版纳傣族自治州,云南省,太子河区,辽宁省,辽阳市,太子河区,,,4
,拉萨市,西藏自治区,太仆寺旗,内蒙古自治区,锡林郭勒盟,太仆寺旗,,,4
,日喀则市,西藏自治区,台儿庄区,山东省,枣庄市,台儿庄区,,,4
,西安市,陕西省,绥芬河市,黑龙江省,牡丹江市,绥芬河市,,,4
,榆林市,陕西省,苏家屯区,辽宁省,沈阳市,苏家屯区,,,4
,延安市,陕西省,松山新区,辽宁省,锦州市,松山新区,,,4
,铜川市,陕西省,四子王旗,内蒙古自治区,乌兰察布市,四子王旗,,,4
,渭南市,陕西省,四方台区,黑龙江省,双鸭山市,四方台区,,,4
,宝鸡市,陕西省,水磨沟区,新疆维吾尔自治区,乌鲁木齐市,水磨沟区,,,4
,咸阳市,陕西省,双台子区,辽宁省,盘锦市,双台子区,,,4
,商洛市,陕西省,石景山区,北京市,北京市,石景山区,,,4
,汉中市,陕西省,石河子市,新疆维吾尔自治区,自治区直辖县,石河子市,,,4
,安康市,陕西省,狮子山区,安徽省,铜陵市,狮子山区,,,4
,广州市,广东省,沈北新区,辽宁省,沈阳市,沈北新区,,,4
,韶关市,广东省,上甘岭区,黑龙江省,伊春市,上甘岭区,,,4
,梅州市,广东省,山海关区,河北省,秦皇岛市,山海关区,,,4
,河源市,广东省,沙坡头区,宁夏回族自治区,中卫市,沙坡头区,,,4
,清远市,广东省,沙坪坝区,重庆市,重庆市,沙坪坝区,,,4
,潮州市,广东省,沙河口区,辽宁省,大连市,沙河口区,,,4
,揭阳市,广东省,桑珠孜区,西藏自治区,日喀则市,桑珠孜区,,,4
,汕头市,广东省,萨尔图区,黑龙江省,大庆市,萨尔图区,,,4
,肇庆市,广东省,若尔盖县,四川省,阿坝藏族羌族自治州,若尔盖县,,,4
,惠州市,广东省,让胡路区,黑龙江省,大庆市,让胡路区,,,4
,佛山市,广东省,曲麻莱县,青海省,玉树藏族自治州,曲麻莱县,,,4
,东莞市,广东省,清水河县,内蒙古自治区,呼和浩特市,清水河县,,,4
,云浮市,广东省,清河门区,辽宁省,阜新市,清河门区,,,4
,汕尾市,广东省,青云谱区,江西省,南昌市,青云谱区,,,4
,江门市,广东省,青铜峡市,宁夏回族自治区,吴忠市,青铜峡市,,,4
,中山市,广东省,青山湖区,江西省,南昌市,青山湖区,,,4
,深圳市,广东省,红谷滩新区,江西省,南昌市,红谷滩新区,,,5
,珠海市,广东省,青白江区,四川省,成都市,青白江区,,,4
,阳江市,广东省,茄子河区,黑龙江省,七台河市,茄子河区,,,4
,茂名市,广东省,戚墅堰区,江苏省,常州市,戚墅堰区,,,4
,湛江市,广东省,七星关区,贵州省,毕节地区,七星关区,,,4
,成都市,四川省,七里河区,甘肃省,兰州市,七里河区,,,4
,广元市,四川省,普兰店市,辽宁省,大连市,普兰店市,,,4
,巴中市,四川省,浦东新区,上海,上海市,浦东新区,,,4
,绵阳市,四川省,聂拉木县,西藏自治区,日喀则市,聂拉木县,,,4
,德阳市,四川省,碾子山区,黑龙江省,齐齐哈尔市,碾子山区,,,4
,达州市,四川省,尼勒克县,新疆维吾尔自治区,伊犁哈萨克自治州,尼勒克县,,,4
,南充市,四川省,南沙群岛,海南省,南沙群岛,南沙群岛,,,4
,遂宁市,四川省,南沙群岛,海南省,三沙市,南沙群岛,,,4
,广安市,四川省,南木林县,西藏自治区,日喀则市,南木林县,,,4
,资阳市,四川省,门头沟区,北京市,北京市,门头沟区,,,4
,眉山市,四川省,梅河口市,吉林省,通化市,梅河口市,,,4
,雅安市,四川省,满洲里市,内蒙古自治区,呼伦贝尔市,满洲里市,,,4
,内江市,四川省,麦盖提县,新疆维吾尔自治区,喀什地区,麦盖提县,,,4
,乐山市,四川省,玛纳斯县,新疆维吾尔自治区,昌吉回族自治州,玛纳斯县,,,4
,自贡市,四川省,马尔康县,四川省,阿坝藏族羌族自治州,马尔康县,,,4
,泸州市,四川省,麻栗坡县,云南省,文山壮族苗族自治州,麻栗坡县,,,4
,宜宾市,四川省,旅顺口区,辽宁省,大连市,旅顺口区,,,4
,攀枝花市,四川省,洛阳新区,河南省,洛阳市,洛阳新区,,,4
,重庆市,重庆,龙子湖区,安徽省,蚌埠市,龙子湖区,,,4
,乌鲁木齐市,新疆维吾尔自治区,龙泉驿区,四川省,成都市,龙泉驿区,,,4
,克拉玛依市,新疆维吾尔自治区,六枝特区,贵州省,六盘水市,六枝特区,,,4
,吐鲁番地区,新疆维吾尔自治区,梁子湖区,湖北省,鄂州市,梁子湖区,,,4
,哈密地区,新疆维吾尔自治区,冷水滩区,湖南省,永州市,冷水滩区,,,4
,昌吉回族自治州,新疆维吾尔自治区,冷水江市,湖南省,娄底市,冷水江市,,,4
,博尔塔拉蒙古自治州,新疆维吾尔自治区,类乌齐县,西藏自治区,昌都地区,类乌齐县,,,4
,巴音郭楞蒙古自治州,新疆维吾尔自治区,老河口市,湖北省,襄阳市,老河口市,,,4
,阿克苏地区,新疆维吾尔自治区,浪卡子县,西藏自治区,山南地区,浪卡子县,,,4
,克孜勒苏柯尔克孜自治州,新疆维吾尔自治区,兰州新区,甘肃省,兰州市,兰州新区,,,4
,喀什地区,新疆维吾尔自治区,昆都仑区,内蒙古自治区,包头市,昆都仑区,,,4
,和田地区,新疆维吾尔自治区,库尔勒市,新疆维吾尔自治区,巴音郭楞蒙古自治州,库尔勒市,,,4
,伊犁哈萨克自治州,新疆维吾尔自治区,科尔沁区,内蒙古自治区,通辽市,科尔沁区,,,4
,塔城地区,新疆维吾尔自治区,喀喇沁旗,内蒙古自治区,赤峰市,喀喇沁旗,,,4
,阿勒泰地区,新疆维吾尔自治区,九寨沟县,四川省,阿坝藏族羌族自治州,九寨沟县,,,4
,石河子市,新疆维吾尔自治区,九龙坡区,重庆市,重庆市,九龙坡区,,,4
,阿拉尔市,新疆维吾尔自治区,井陉矿区,河北省,石家庄市,井陉矿区,,,4
,图木舒克市,新疆维吾尔自治区,井冈山市,江西省,吉安市,井冈山市,,,4
,五家渠市,新疆维吾尔自治区,金山屯区,黑龙江省,伊春市,金山屯区,,,4
,北屯市,新疆维吾尔自治区,金口河区,四川省,乐山市,金口河区,,,4
,铁门关市,新疆维吾尔自治区,金城江区,广西壮族自治区,河池市,金城江区,,,4
,双河市,新疆维吾尔自治区,尖草坪区,山西省,太原市,尖草坪区,,,4
,兰州市,甘肃省,嘉峪关市,甘肃省,嘉峪关市,嘉峪关市,,,4
,嘉峪关市,甘肃省,吉木乃县,新疆维吾尔自治区,阿勒泰地区,吉木乃县,,,4
,酒泉市,甘肃省,黄石港区,湖北省,黄石市,黄石港区,,,4
,张掖市,甘肃省,呼图壁县,新疆维吾尔自治区,昌吉回族自治州,呼图壁县,,,4
,金昌市,甘肃省,红寺堡区,宁夏回族自治区,吴忠市,红寺堡区,,,4
,武威市,甘肃省,红花岗区,贵州省,遵义市,红花岗区,,,4
,白银市,甘肃省,杭锦后旗,内蒙古自治区,巴彦淖尔市,杭锦后旗,,,4
,庆阳市,甘肃省,海拉尔区,内蒙古自治区,呼伦贝尔市,海拉尔区,,,4
,平凉市,甘肃省,海勃湾区,内蒙古自治区,乌海市,海勃湾区,,,4
,定西市,甘肃省,哈巴河县,新疆维吾尔自治区,阿勒泰地区,哈巴河县,,,4
,天水市,甘肃省,观山湖区,贵州省,贵阳市,观山湖区,,,4
,陇南市,甘肃省,共青城市,江西省,九江市,共青城市,,,4
,临夏回族自治州,甘肃省,公主岭市,吉林省,四平市,公主岭市,,,4
,甘南藏族自治州,甘肃省,弓长岭区,辽宁省,辽阳市,弓长岭区,,,4
,银川市,宁夏回族自治区,格尔木市,青海省,海西蒙古族藏族自治州,格尔木市,,,4
,石嘴山市,宁夏回族自治区,高碑店市,河北省,保定市,高碑店市,,,4
,吴忠市,宁夏回族自治区,甘井子区,辽宁省,大连市,甘井子区,,,4
,中卫市,宁夏回族自治区,峰峰矿区,河北省,邯郸市,峰峰矿区,,,4
,固原市,宁夏回族自治区,二道江区,吉林省,通化市,二道江区,,,4
,西宁市,青海省,鄂托克旗,内蒙古自治区,鄂尔多斯市,鄂托克旗,,,4
,海东地区,青海省,额济纳旗,内蒙古自治区,阿拉善盟,额济纳旗,,,4
,海北藏族自治州,青海省,峨眉山市,四川省,乐山市,峨眉山市,,,4
,黄南藏族自治州,青海省,独山子区,新疆维吾尔自治区,克拉玛依市,独山子区,,,4
,海南藏族自治州,青海省,都江堰市,四川省,成都市,都江堰市,,,4
,果洛藏族自治州,青海省,东西湖区,湖北省,武汉市,东西湖区,,,4
,玉树藏族自治州,青海省,东昌府区,山东省,聊城市,东昌府区,,,4
,海西市,青海省,德令哈市,青海省,海西蒙古族藏族自治州,德令哈市,,,4
,襄阳市,湖北省,丹江口市,湖北省,十堰市,丹江口市,,,4
,凉山彝族自治州,四川省,大武口区,宁夏回族自治区,石嘴山市,大武口区,,,4
,毕节地区,贵州省,大通湖区,湖南省,益阳市,大通湖区,,,4
,黔东南苗族侗族自治州,贵州省,大石桥市,辽宁省,营口市,大石桥市,,,4
,天门市,湖北省,大渡口区,重庆市,重庆市,大渡口区,,,4
,仙桃市,湖北省,达拉特旗,内蒙古自治区,鄂尔多斯市,达拉特旗,,,4
,潜江市,湖北省,达坂城区,新疆维吾尔自治区,乌鲁木齐市,达坂城区,,,4
,铜仁地区,贵州省,城子河区,黑龙江省,鸡西市,城子河区,,,4
,大兴安岭地区,黑龙江省,曹妃甸区,河北省,唐山市,曹妃甸区,,,4
,德宏傣族景颇族自治州,云南省,布尔津县,新疆维吾尔自治区,阿勒泰地区,布尔津县,,,4
,黔南布依族苗族自治州,贵州省,滨海新区,天津,天津市,滨海新区,,,4
,神农架林区,湖北省,北戴河区,河北省,秦皇岛市,北戴河区,,,4
,阿坝藏族羌族自治州,四川省,白碱滩区,新疆维吾尔自治区,克拉玛依市,白碱滩区,,,4
,林芝地区,西藏自治区,鲅鱼圈区,辽宁省,营口市,鲅鱼圈区,,,4
,甘孜藏族自治州,四川省,巴林左旗,内蒙古自治区,赤峰市,巴林左旗,,,4
,文山壮族苗族自治州,云南省,巴林右旗,内蒙古自治区,赤峰市,巴林右旗,,,4
,琼中黎族苗族自治县,海南省,八公山区,安徽省,淮南市,八公山区,,,4
,海西蒙古族藏族自治州,青海省,八道江区,吉林省,白山市,八道江区,,已撤销，设浑江区,4
,儋州市,海南省,昂昂溪区,黑龙江省,齐齐哈尔市,昂昂溪区,,,4
,万宁市,海南省,阿瓦提县,新疆维吾尔自治区,阿克苏地区,阿瓦提县,,,4
,屯昌县,海南省,阿图什市,新疆维吾尔自治区,克孜勒苏柯尔克孜自治州,阿图什市,,,4
,琼海市,海南省,阿勒泰市,新疆维吾尔自治区,阿勒泰地区,阿勒泰市,,,4
,白沙黎族自治县,海南省,阿拉尔市,新疆维吾尔自治区,自治区直辖县,阿拉尔市,,,4
,定安县,海南省,阿克陶县,新疆维吾尔自治区,克孜勒苏柯尔克孜自治州,阿克陶县,,,4
,五指山市,海南省,阿克苏市,新疆维吾尔自治区,阿克苏地区,阿克苏市,,,4
,保亭黎族苗族自治县,海南省,阿合奇县,新疆维吾尔自治区,克孜勒苏柯尔克孜自治州,阿合奇县,,,4
,澄迈县,海南省,阿尔山市,内蒙古自治区,兴安盟,阿尔山市,,,4
,文昌市,海南省,阿巴嘎旗,内蒙古自治区,锡林郭勒盟,阿巴嘎旗,,,4
,陵水黎族自治县,海南省,浑南新区,辽宁省,沈阳市,浑南新区,,,4
,东方市,海南省,金家庄区,安徽省,马鞍山市,金家庄区,已撤销金家庄区和花山区，设立花山区,,4
,昌江黎族自治县,海南省,桑珠孜区,西藏自治区,日喀则市,桑珠孜区,,,4
,临高县,海南省,保康县,湖北省,襄阳市,保康县,,,3
,三亚市,海南省,左云县,山西省,大同市,左云县,,,3
,迪庆藏族自治州,云南省,左权县,山西省,晋中市,左权县,,,3
,阿尔泰地区,新疆维吾尔自治区,左贡县,西藏自治区,昌都地区,左贡县,,,3
,那曲地区,西藏自治区,遵义县,贵州省,遵义市,遵义县,,,3
,乐东黎族自治县,海南省,遵化市,河北省,唐山市,遵化市,,,3
,昌都地区,西藏自治区,邹平县,山东省,滨州市,邹平县,,,3
,阿里地区,西藏自治区,邹城市,山东省,济宁市,邹城市,,,3
,山南地区,西藏自治区,紫阳县,陕西省,安康市,紫阳县,,,3
,廷安市,陕西省,紫金县,广东省,河源市,紫金县,,,3
,朝阳市,辽宁省,梓潼县,四川省,绵阳市,梓潼县,,,3
,香港,香港,秭归县,湖北省,宜昌市,秭归县,,,3
,澳门,澳门,子洲县,陕西省,榆林市,子洲县,,,3
,,,子长县,陕西省,延安市,子长县,,,3
,,,淄川区,山东省,淄博市,淄川区,,,3
,,,资中县,四川省,内江市,资中县,,,3
,,,资源县,广西壮族自治区,桂林市,资源县,,,3
,,,资阳区,湖南省,益阳市,资阳区,,,3
,,,资兴市,湖南省,郴州市,资兴市,,,3
,,,资溪县,江西省,抚州市,资溪县,,,3
,,,卓资县,内蒙古自治区,乌兰察布市,卓资县,,,3
,,,卓尼县,甘肃省,甘南藏族自治州,卓尼县,,,3
,,,涿州市,河北省,保定市,涿州市,,,3
,,,花山区,安徽省,马鞍山市,花山区,,,3
,,,涿鹿县,河北省,张家口市,涿鹿县,,,3
,,,庄浪县,甘肃省,平凉市,庄浪县,,,3
,,,庄河市,辽宁省,大连市,庄河市,,,3
,,,竹溪县,湖北省,十堰市,竹溪县,,,3
,,,竹山县,湖北省,十堰市,竹山县,,,3
,,,诸暨市,浙江省,绍兴市,诸暨市,,,3
,,,诸城市,山东省,潍坊市,诸城市,,,3
,,,株洲县,湖南省,株洲市,株洲县,,,3
,,,珠山区,江西省,景德镇市,珠山区,,,3
,,,珠晖区,湖南省,衡阳市,珠晖区,,,3
,,,周至县,陕西省,西安市,周至县,,,3
,,,周宁县,福建省,宁德市,周宁县,,,3
,,,周村区,山东省,淄博市,周村区,,,3
,,,舟曲县,甘肃省,甘南藏族自治州,舟曲县,,,3
,,,仲巴县,西藏自治区,日喀则市,仲巴县,,,3
,,,钟祥市,湖北省,荆门市,钟祥市,,,3
,,,钟山县,广西壮族自治区,贺州市,钟山县,,,3
,,,钟山区,贵州省,六盘水市,钟山区,,,3
,,,钟楼区,江苏省,常州市,钟楼区,,,3
,,,中站区,河南省,焦作市,中站区,,,3
,,,中原区,河南省,郑州市,中原区,,,3
,,,中阳县,山西省,吕梁市,中阳县,,,3
,,,中山市,广东省,中山市,中山市,,,3
,,,中山区,辽宁省,大连市,中山区,,,3
,,,中宁县,宁夏回族自治区,中卫市,中宁县,,,3
,,,中牟县,河南省,郑州市,中牟县,,,3
,,,中江县,四川省,德阳市,中江县,,,3
,,,中方县,湖南省,怀化市,中方县,,,3
,,,治多县,青海省,玉树藏族自治州,治多县,,,3
,,,志丹县,陕西省,延安市,志丹县,,,3
,,,织金县,贵州省,毕节地区,织金县,,,3
,,,枝江市,湖北省,宜昌市,枝江市,,,3
,,,芝罘区,山东省,烟台市,芝罘区,,,3
,,,政和县,福建省,南平市,政和县,,,3
,,,正阳县,河南省,驻马店市,正阳县,,,3
,,,正宁县,甘肃省,庆阳市,正宁县,,,3
,,,正蓝旗,内蒙古自治区,锡林郭勒盟,正蓝旗,,,3
,,,正定县,河北省,石家庄市,正定县,,,3
,,,正安县,贵州省,遵义市,正安县,,,3
,,,蒸湘区,湖南省,衡阳市,蒸湘区,,,3
,,,镇远县,贵州省,黔东南苗族侗族自治州,镇远县,,,3
,,,镇原县,甘肃省,庆阳市,镇原县,,,3
,,,镇雄县,云南省,昭通市,镇雄县,,,3
,,,镇坪县,陕西省,安康市,镇坪县,,,3
,,,镇平县,河南省,南阳市,镇平县,,,3
,,,镇赉县,吉林省,白城市,镇赉县,,,3
,,,镇康县,云南省,临沧市,镇康县,,,3
,,,镇海区,浙江省,宁波市,镇海区,,,3
,,,镇巴县,陕西省,汉中市,镇巴县,,,3
,,,镇安县,陕西省,商洛市,镇安县,,,3
,,,振兴区,辽宁省,丹东市,振兴区,,,3
,,,振安区,辽宁省,丹东市,振安区,,,3
,,,浈江区,广东省,韶关市,浈江区,,,3
,,,贞丰县,贵州省,黔西南布依族苗族自治州,贞丰县,,,3
,,,柘荣县,福建省,宁德市,柘荣县,,,3
,,,柘城县,河南省,商丘市,柘城县,,,3
,,,肇州县,黑龙江省,大庆市,肇州县,,,3
,,,肇源县,黑龙江省,大庆市,肇源县,,,3
,,,肇东市,黑龙江省,绥化市,肇东市,,,3
,,,诏安县,福建省,漳州市,诏安县,,,3
,,,召陵区,河南省,漯河市,召陵区,,,3
,,,昭阳区,云南省,昭通市,昭阳区,,,3
,,,昭苏县,新疆维吾尔自治区,伊犁哈萨克自治州,昭苏县,,,3
,,,昭平县,广西壮族自治区,贺州市,昭平县,,,3
,,,昭觉县,四川省,凉山彝族自治州,昭觉县,,,3
,,,昭化区,四川省,广元市,昭化区,,,3
,,,招远市,山东省,烟台市,招远市,,,3
,,,长子县,山西省,长治市,长子县,,,3
,,,长洲区,广西壮族自治区,梧州市,长洲区,,,3
,,,长治县,山西省,长治市,长治县,,,3
,,,长垣县,河南省,新乡市,长垣县,,,3
,,,长兴县,浙江省,湖州市,长兴县,,,3
,,,长武县,陕西省,咸阳市,长武县,,,3
,,,长汀县,福建省,龙岩市,长汀县,,,3
,,,长泰县,福建省,漳州市,长泰县,,,3
,,,长顺县,贵州省,黔南布依族苗族自治州,长顺县,,,3
,,,长寿区,重庆市,重庆市,长寿区,,,3
,,,长沙县,湖南省,长沙市,长沙县,,,3
,,,长清区,山东省,济南市,长清区,,,3
,,,长宁县,四川省,宜宾市,长宁县,,,3
,,,长宁区,上海,上海市,长宁区,,,3
,,,长岭县,吉林省,松原市,长岭县,,,3
,,,长乐市,福建省,福州市,长乐市,,,3
,,,长海县,辽宁省,大连市,长海县,,,3
,,,长葛市,河南省,许昌市,长葛市,,,3
,,,长丰县,安徽省,合肥市,长丰县,,,3
,,,长岛县,山东省,烟台市,长岛县,,,3
,,,长白朝鲜族自治县,吉林省,白山市,长白朝鲜族自治县,,,8
,,,长安区,河北省,石家庄市,长安区,,,3
,,,长安区,陕西省,西安市,长安区,,,3
,,,樟树市,江西省,宜春市,樟树市,,,3
,,,漳浦县,福建省,漳州市,漳浦县,,,3
,,,漳平市,福建省,龙岩市,漳平市,,,3
,,,彰武县,辽宁省,阜新市,彰武县,,,3
,,,章丘市,山东省,济南市,章丘市,,,3
,,,章贡区,江西省,赣州市,章贡区,,,3
,,,张湾区,湖北省,十堰市,张湾区,,,3
,,,张店区,山东省,淄博市,张店区,,,3
,,,张北县,河北省,张家口市,张北县,,,3
,,,湛河区,河南省,平顶山市,湛河区,,,3
,,,站前区,辽宁省,营口市,站前区,,,3
,,,沾益县,云南省,曲靖市,沾益县,,,3
,,,沾化县,山东省,滨州市,沾化县,,,3
,,,柞水县,陕西省,商洛市,柞水县,,,3
,,,闸北区,上海,上海市,闸北区,,,3
,,,札达县,西藏自治区,阿里地区,札达县,,,3
,,,扎囊县,西藏自治区,山南地区,扎囊县,,,3
,,,增城区,广东省,广州市,增城区,,,3
,,,泽州县,山西省,晋城市,泽州县,,,3
,,,泽普县,新疆维吾尔自治区,喀什地区,泽普县,,,3
,,,泽库县,青海省,黄南藏族自治州,泽库县,,,3
,,,枣阳市,湖北省,襄阳市,枣阳市,,,3
,,,枣强县,河北省,衡水市,枣强县,,,3
,,,赞皇县,河北省,石家庄市,赞皇县,,,3
,,,杂多县,青海省,玉树藏族自治州,杂多县,,,3
,,,郓城县,山东省,菏泽市　　,郓城县,,,3
,,,运河区,河北省,沧州市,运河区,,,3
,,,郧西县,湖北省,十堰市,郧西县,,,3
,,,云阳县,四川省,成都市,云阳县,,,3
,,,云阳县,重庆市,重庆市,云阳县,,,3
,,,云岩区,贵州省,贵阳市,云岩区,,,3
,,,云霄县,福建省,漳州市,云霄县,,,3
,,,云溪区,湖南省,岳阳市,云溪区,,,3
,,,云梦县,湖北省,孝感市,云梦县,,,3
,,,云龙县,云南省,大理白族自治州,云龙县,,,3
,,,云龙区,江苏省,徐州市,云龙区,,,3
,,,云和县,浙江省,丽水市,云和县,,,3
,,,云城区,广东省,云浮市,云城区,,,3
,,,云安县,广东省,云浮市,云安县,,,3
,,,越秀区,广东省,广州市,越秀区,,,3
,,,越西县,四川省,凉山彝族自治州,越西县,,,3
,,,越城区,浙江省,绍兴市,越城区,,,3
,,,岳阳县,湖南省,岳阳市,岳阳县,,,3
,,,岳西县,安徽省,安庆市,岳西县,,,3
,,,岳塘区,湖南省,湘潭市,岳塘区,,,3
,,,岳麓区,湖南省,长沙市,岳麓区,,,3
,,,岳池县,四川省,广安市,岳池县,,,3
,,,月湖区,江西省,鹰潭市,月湖区,,,3
,,,远安县,湖北省,宜昌市,远安县,,,3
,,,源汇区,河南省,漯河市,源汇区,,,3
,,,源城区,广东省,河源市,源城区,,,3
,,,原州区,宁夏回族自治区,固原市,原州区,,,3
,,,原阳县,河南省,新乡市,原阳县,,,3
,,,原平市,山西省,忻州市,原平市,,,3
,,,袁州区,江西省,宜春市,袁州区,,,3
,,,垣曲县,山西省,运城市,垣曲县,,,3
,,,沅陵县,湖南省,怀化市,沅陵县,,,3
,,,沅江市,湖南省,益阳市,沅江市,,,3
,,,元阳县,云南省,红河哈尼族彝族自治州,元阳县,,,3
,,,元氏县,河北省,石家庄市,元氏县,,,3
,,,元谋县,云南省,楚雄彝族自治州,元谋县,,,3
,,,元宝区,辽宁省,丹东市,元宝区,,,3
,,,裕民县,新疆维吾尔自治区,塔城地区,裕民县,,,3
,,,裕华区,河北省,石家庄市,裕华区,,,3
,,,裕安区,安徽省,六安市,裕安区,,,3
,,,郁南县,广东省,云浮市,郁南县,,,3
,,,玉州区,广西壮族自治区,玉林市,玉州区,,,3
,,,玉田县,河北省,唐山市,玉田县,,,3
,,,玉树市,青海省,玉树藏族自治州,玉树市,,,3
,,,玉山县,江西省,上饶市,玉山县,,,3
,,,玉泉区,内蒙古自治区,呼和浩特市,玉泉区,,,3
,,,玉屏县,贵州省,铜仁地区,玉屏侗族自治县,,,3
,,,玉门市,甘肃省,酒泉市,玉门市,,,3
,,,玉环县,浙江省,台州市,玉环县,,,3
,,,禹州市,河南省,许昌市,禹州市,,,3
,,,禹会区,安徽省,蚌埠市,禹会区,,,3
,,,禹城市,山东省,德州市,禹城市,,,3
,,,雨山区,安徽省,马鞍山市,雨山区,,,3
,,,雨花区,湖南省,长沙市,雨花区,,,3
,,,雨湖区,湖南省,湘潭市,雨湖区,,,3
,,,雨城区,四川省,雅安市,雨城区,,,3
,,,虞城县,河南省,商丘市,虞城县,,,3
,,,榆中县,甘肃省,兰州市,榆中县,,,3
,,,榆阳区,陕西省,榆林市,榆阳区,,,3
,,,榆树市,吉林省,长春市,榆树市,,,3
,,,榆社县,山西省,晋中市,榆社县,,,3
,,,榆次区,山西省,晋中市,榆次区,,,3
,,,渝中区,重庆市,重庆市,渝中区,,,3
,,,渝水区,江西省,新余市,渝水区,,,3
,,,渝北区,重庆市,重庆市,渝北区,,,3
,,,鱼台县,山东省,济宁市,鱼台县,,,3
,,,鱼峰区,广西壮族自治区,柳州市,鱼峰区,,,3
,,,余姚市,浙江省,宁波市,余姚市,,,3
,,,余庆县,贵州省,遵义市,余庆县,,,3
,,,余江县,江西省,鹰潭市,余江县,,,3
,,,余杭区,浙江省,杭州市,余杭区,,,3
,,,余干县,江西省,上饶市,余干县,,,3
,,,于田县,新疆维吾尔自治区,和田地区,于田县,,,3
,,,于洪区,辽宁省,沈阳市,于洪区,,,3
,,,于都县,江西省,赣州市,于都县,,,3
,,,右玉县,山西省,朔州市,右玉县,,,3
,,,右江区,广西壮族自治区,百色市,右江区,,,3
,,,友谊县,黑龙江省,双鸭山市,友谊县,,,3
,,,友好区,黑龙江省,伊春市,友好区,,,3
,,,游仙区,四川省,绵阳市,游仙区,,,3
,,,尤溪县,福建省,三明市,尤溪县,,,3
,,,埇桥区,安徽省,宿州市,埇桥区,,,3
,,,永修县,江西省,九江市,永修县,,,3
,,,永兴县,湖南省,郴州市,永兴县,,,3
,,,永新县,江西省,吉安市,永新县,,,3
,,,永泰县,福建省,福州市,永泰县,,,3
,,,永顺县,湖南省,湘西土家族苗族自治州,永顺县,,,3
,,,永寿县,陕西省,咸阳市,永寿县,,,3
,,,永胜县,云南省,丽江市,永胜县,,,3
,,,永善县,云南省,昭通市,永善县,,,3
,,,永仁县,云南省,楚雄彝族自治州,永仁县,,,3
,,,永清县,河北省,廊坊市,永清县,,,3
,,,永平县,云南省,大理白族自治州,永平县,,,3
,,,永宁县,宁夏回族自治区,银川市,永宁县,,,3
,,,永年县,河北省,邯郸市,永年县,,,3
,,,永康市,浙江省,金华市,永康市,,,3
,,,永靖县,甘肃省,临夏回族自治州,永靖县,,,3
,,,永嘉县,浙江省,温州市,永嘉县,,,3
,,,永济市,山西省,运城市,永济市,,,3
,,,永吉县,吉林省,吉林市,永吉县,,,3
,,,永和县,山西省,临汾市,永和县,,,3
,,,永福县,广西壮族自治区,桂林市,永福县,,,3
,,,永丰县,江西省,吉安市,永丰县,,,3
,,,永定县,福建省,龙岩市,永定县,已撤销,,3
,,,永定区,福建省,龙岩市,永定区,撤永定县，设永定区,,3
,,,永定区,湖南省,张家界市,永定区,,,3
,,,永登县,甘肃省,兰州市,永登县,,,3
,,,永德县,云南省,临沧市,永德县,,,3
,,,永春县,福建省,泉州市,永春县,,,3
,,,永川区,重庆市,重庆市,永川区,,,3
,,,永城市,河南省,商丘市,永城市,,,3
,,,永昌县,甘肃省,金昌市,永昌县,,,3
,,,永安市,福建省,三明市,永安市,,,3
,,,邕宁区,广西壮族自治区,南宁市,邕宁区,,,3
,,,应城市,湖北省,孝感市,应城市,,,3
,,,颍州区,安徽省,阜阳市,颍州区,,,3
,,,颍上县,安徽省,阜阳市,颍上县,,,3
,,,颍泉区,安徽省,阜阳市,颍泉区,,,3
,,,颍东区,安徽省,阜阳市,颍东区,,,3
,,,营山县,四川省,南充市,营山县,,,3
,,,盈江县,云南省,德宏傣族景颇族自治州,盈江县,,,3
,,,荥阳市,河南省,郑州市,荥阳市,,,3
,,,荥经县,四川省,雅安市,荥经县,,,3
,,,迎泽区,山西省,太原市,迎泽区,,,3
,,,迎江区,安徽省,安庆市,迎江区,,,3
,,,英山县,湖北省,黄冈市,英山县,,,3
,,,英德市,广东省,清远市,英德市,,,3
,,,印台区,陕西省,铜川市,印台区,,,3
,,,鄞州区,浙江省,宁波市,鄞州区,,,3
,,,银州区,辽宁省,铁岭市,银州区,,,3
,,,银海区,广西壮族自治区,北海市,银海区,,,3
,,,殷都区,河南省,安阳市,殷都区,,,3
,,,翼城县,山西省,临汾市,翼城县,,,3
,,,驿城区,河南省,驻马店市,驿城区,,,3
,,,峄城区,山东省,枣庄市,峄城区,,,3
,,,易门县,云南省,玉溪市,易门县,,,3
,,,义乌市,浙江省,金华市,义乌市,,,3
,,,义马市,河南省,三门峡市,义马市,,,3
,,,弋阳县,江西省,上饶市,弋阳县,,,3
,,,弋江区,安徽省,芜湖市,弋江区,,,3
,,,彝良县,云南省,昭通市,彝良县,,,3
,,,宜州市,广西壮族自治区,河池市,宜州市,,,3
,,,宜章县,湖南省,郴州市,宜章县,,,3
,,,宜阳县,河南省,洛阳市,宜阳县,,,3
,,,宜秀区,安徽省,安庆市,宜秀区,,,3
,,,宜兴市,江苏省,无锡市,宜兴市,,,3
,,,宜良县,云南省,昆明市,宜良县,,,3
,,,宜君县,陕西省,铜川市,宜君县,,,3
,,,宜黄县,江西省,抚州市,宜黄县,,,3
,,,宜丰县,江西省,宜春市,宜丰县,,,3
,,,宜都市,湖北省,宜昌市,宜都市,,,3
,,,宜川县,陕西省,延安市,宜川县,,,3
,,,宜城市,湖北省,襄阳市,宜城市,,,3
,,,博山区,山东省,淄博市,博山区,,,3
,,,宜宾县,四川省,宜宾市,宜宾县,,,3
,,,沂源县,山东省,淄博市,沂源县,,,3
,,,沂水县,山东省,临沂市,沂水县,,,3
,,,沂南县,山东省,临沂市,沂南县,,,3
,,,夷陵区,湖北省,宜昌市,夷陵区,,,3
,,,仪征市,江苏省,扬州市,仪征市,,,3
,,,仪陇县,四川省,南充市,仪陇县,,,3
,,,依兰县,黑龙江省,哈尔滨市,依兰县,,,3
,,,依安县,黑龙江省,齐齐哈尔市,依安县,,,3
,,,伊吾县,新疆维吾尔自治区,哈密地区,伊吾县,,,3
,,,伊宁县,新疆维吾尔自治区,伊犁哈萨克自治州,伊宁县,,,3
,,,伊宁市,新疆维吾尔自治区,伊犁哈萨克自治州,伊宁市,,,3
,,,伊春区,黑龙江省,伊春市,伊春区,,,3
,,,伊川县,河南省,洛阳市,伊川县,,,3
,,,叶城县,新疆维吾尔自治区,喀什地区,叶城县,,,3
,,,耀州区,陕西省,铜川市,耀州区,,,3
,,,瑶海区,安徽省,合肥市,瑶海区,,,3
,,,姚安县,云南省,楚雄彝族自治州,姚安县,,,3
,,,尧都区,山西省,临汾市,尧都区,,,3
,,,杨浦区,上海,上海市,杨浦区,,,3
,,,杨陵区,陕西省,咸阳市,杨陵区,,,3
,,,阳原县,河北省,张家口市,阳原县,,,3
,,,阳信县,山东省,滨州市,阳信县,,,3
,,,阳新县,湖北省,黄石市,阳新县,,,3
,,,阳西县,广东省,阳江市,阳西县,,,3
,,,阳朔县,广西壮族自治区,桂林市,阳朔县,,,3
,,,阳山县,广东省,清远市,阳山县,,,3
,,,阳曲县,山西省,太原市,阳曲县,,,3
,,,阳明区,黑龙江省,牡丹江市,阳明区,,,3
,,,阳谷县,山东省,聊城市,阳谷县,,,3
,,,阳高县,山西省,大同市,阳高县,,,3
,,,阳东县,广东省,阳江市,阳东县,,,3
,,,阳春市,广东省,阳江市,阳春市,,,3
,,,阳城县,山西省,晋城市,阳城县,,,3
,,,扬中市,江苏省,镇江市,扬中市,,,3
,,,雁塔区,陕西省,西安市,雁塔区,,,3
,,,雁山区,广西壮族自治区,桂林市,雁山区,,,3
,,,雁江区,四川省,资阳市,雁江区,,,3
,,,雁峰区,湖南省,衡阳市,雁峰区,,,3
,,,砚山县,云南省,文山壮族苗族自治州,砚山县,,,3
,,,偃师市,河南省,洛阳市,偃师市,新称：伊滨区,,3
,,,郾城区,河南省,漯河市,郾城区,,,3
,,,兖州区,山东省,济宁市,兖州区,撤兖州市，设兖州区,,3
,,,阎良区,陕西省,西安市,阎良区,,,3
,,,盐源县,四川省,凉山彝族自治州,盐源县,,,3
,,,盐亭县,四川省,绵阳市,盐亭县,,,3
,,,盐田区,广东省,深圳市,盐田区,,,3
,,,盐山县,河北省,沧州市,盐山县,,,3
,,,盐津县,云南省,昭通市,盐津县,,,3
,,,盐湖区,山西省,运城市,盐湖区,,,3
,,,盐都区,江苏省,盐城市,盐都区,,,3
,,,盐池县,宁夏回族自治区,吴忠市,盐池县,,,3
,,,盐边县,四川省,攀枝花市,盐边县,,,3
,,,沿滩区,四川省,自贡市,沿滩区,,,3
,,,炎陵县,湖南省,株洲市,炎陵县,,,3
,,,延长县,陕西省,延安市,延长县,,,3
,,,延寿县,黑龙江省,哈尔滨市,延寿县,,,3
,,,延庆县,北京市,北京市,延庆县,,,3
,,,延平区,福建省,南平市,延平区,,,3
,,,延津县,河南省,新乡市,延津县,,,3
,,,延吉市,吉林省,延边朝鲜族自治州,延吉市,,,3
,,,延川县,陕西省,延安市,延川县,,,3
,,,鄢陵县,河南省,许昌市,鄢陵县,,,3
,,,焉耆县,新疆维吾尔自治区,巴音郭楞蒙古自治州,焉耆回族自治县,,,3
,,,亚东县,西藏自治区,日喀则市,亚东县,,,3
,,,雅江县,四川省,甘孜藏族自治州,雅江县,,,3
,,,崖州区,海南省,三亚市,崖州区,,,3
,,,逊克县,黑龙江省,黑河市,逊克县,,,3
,,,浔阳区,江西省,九江市,浔阳区,,,3
,,,寻乌县,江西省,赣州市,寻乌县,,,3
,,,旬邑县,陕西省,咸阳市,旬邑县,,,3
,,,旬阳县,陕西省,安康市,旬阳县,,,3
,,,薛城区,山东省,枣庄市,薛城区,,,3
,,,玄武区,江苏省,南京市,玄武区,,,3
,,,宣州区,安徽省,宣城市,宣州区,,,3
,,,宣威市,云南省,曲靖市,宣威市,,,3
,,,宣化县,河北省,张家口市,宣化县,,,3
,,,宣化区,河北省,张家口市,宣化区,,,3
,,,宣汉县,四川省,达州市,宣汉县,,,3
,,,宣恩县,湖北省,恩施土家族苗族自治州,宣恩县,,,3
,,,溆浦县,湖南省,怀化市,溆浦县,,,3
,,,叙永县,四川省,泸州市,叙永县,,,3
,,,许昌县,河南省,许昌市,许昌县,,,3
,,,徐闻县,广东省,湛江市,徐闻县,,,3
,,,徐水县,河北省,保定市,徐水县,,,3
,,,徐汇区,上海,上海市,徐汇区,,,3
,,,盱眙县,江苏省,淮安市,盱眙县,,,3
,,,秀洲区,浙江省,嘉兴市,秀洲区,,,3
,,,秀屿区,福建省,莆田市,秀屿区,,,3
,,,秀英区,海南省,海口市,秀英区,,,3
,,,秀山县,四川省,成都市,秀山土家族苗族自治县,,,3
,,,秀峰区,广西壮族自治区,桂林市,秀峰区,,,3
,,,宿豫区,江苏省,宿迁市,宿豫区,,,3
,,,宿松县,安徽省,安庆市,宿松县,,,3
,,,宿城区,江苏省,宿迁市,宿城区,,,3
,,,修武县,河南省,焦作市,修武县,,,3
,,,修文县,贵州省,贵阳市,修文县,,,3
,,,修水县,江西省,九江市,修水县,,,3
,,,休宁县,安徽省,黄山市,休宁县,,,3
,,,兴义市,贵州省,黔西南布依族苗族自治州,兴义市,,,3
,,,兴业县,广西壮族自治区,玉林市,兴业县,,,3
,,,兴文县,四川省,宜宾市,兴文县,,,3
,,,兴山县,湖北省,宜昌市,兴山县,,,3
,,,兴山区,黑龙江省,鹤岗市,兴山区,,,3
,,,兴仁县,贵州省,黔西南布依族苗族自治州,兴仁县,,,3
,,,兴庆区,宁夏回族自治区,银川市,兴庆区,,,3
,,,兴平市,陕西省,咸阳市,兴平市,,,3
,,,兴宁市,广东省,梅州市,兴宁市,,,3
,,,兴宁区,广西壮族自治区,南宁市,兴宁区,,,3
,,,兴隆县,河北省,承德市,兴隆县,,,3
,,,兴化市,江苏省,泰州市,兴化市,,,3
,,,兴和县,内蒙古自治区,乌兰察布市,兴和县,,,3
,,,兴海县,青海省,海南藏族自治州,兴海县,,,3
,,,兴国县,江西省,赣州市,兴国县,,,3
,,,兴城市,辽宁省,葫芦岛市,兴城市,,,3
,,,兴宾区,广西壮族自治区,来宾市,兴宾区,,,3
,,,兴安县,广西壮族自治区,桂林市,兴安县,,,3
,,,兴安区,黑龙江省,鹤岗市,兴安区,,,3
,,,邢台县,河北省,邢台市,邢台县,,,3
,,,星子县,江西省,九江市,星子县,,,3
,,,信州区,江西省,上饶市,信州区,,,3
,,,信宜市,广东省,茂名市,信宜市,,,3
,,,信丰县,江西省,赣州市,信丰县,,,3
,,,新洲区,湖北省,武汉市,新洲区,,,3
,,,新郑市,河南省,郑州市,新郑市,,,3
,,,新源县,新疆维吾尔自治区,伊犁哈萨克自治州,新源县,,,3
,,,新沂市,江苏省,徐州市,新沂市,,,3
,,,新野县,河南省,南阳市,新野县,,,3
,,,新兴县,广东省,云浮市,新兴县,,,3
,,,新兴区,黑龙江省,七台河市,新兴区,,,3
,,,新乡县,河南省,新乡市,新乡县,,,3
,,,新田县,湖南省,永州市,新田县,,,3
,,,新泰市,山东省,泰安市,新泰市,,,3
,,,新市区,河北省,保定市,新市区,,,3
,,,新市区,新疆维吾尔自治区,乌鲁木齐市,新市区,,,3
,,,新邵县,湖南省,邵阳市,新邵县,,,3
,,,新荣区,山西省,大同市,新荣区,,,3
,,,新邱区,辽宁省,阜新市,新邱区,,,3
,,,新青区,黑龙江省,伊春市,新青区,,,3
,,,新民市,辽宁省,沈阳市,新民市,,,3
,,,新密市,河南省,郑州市,新密市,,,3
,,,新罗区,福建省,龙岩市,新罗区,,,3
,,,新龙县,四川省,甘孜藏族自治州,新龙县,,,3
,,,新乐市,河北省,石家庄市,新乐市,,,3
,,,新津县,四川省,成都市,新津县,,,3
,,,新绛县,山西省,运城市,新绛县,,,3
,,,新建县,江西省,南昌市,新建县,,,3
,,,新会区,广东省,江门市,新会区,,,3
,,,新化县,湖南省,娄底市,新化县,,,3
,,,新华区,河北省,石家庄市,新华区,,,3
,,,新华区,河北省,沧州市,新华区,,,3
,,,新华区,河南省,平顶山市,新华区,,,3
,,,新和县,新疆维吾尔自治区,阿克苏地区,新和县,,,3
,,,新干县,江西省,吉安市,新干县,,,3
,,,新抚区,辽宁省,抚顺市,新抚区,,,3
,,,新丰县,广东省,韶关市,新丰县,,,3
,,,新都区,四川省,成都市,新都区,,,3
,,,新昌县,浙江省,绍兴市,新昌县,,,3
,,,新蔡县,河南省,驻马店市,新蔡县,,,3
,,,新北区,江苏省,常州市,新北区,,,3
,,,新安县,河南省,洛阳市,新安县,,,3
,,,忻府区,山西省,忻州市,忻府区,,,3
,,,忻城县,广西壮族自治区,来宾市,忻城县,,,3
,,,辛集市,河北省,石家庄市,辛集市,,,3
,,,孝义市,山西省,吕梁市,孝义市,,,3
,,,孝南区,湖北省,孝感市,孝南区,,,3
,,,孝昌县,湖北省,孝感市,孝昌县,,,3
,,,小金县,四川省,阿坝藏族羌族自治州,小金县,,,3
,,,小店区,山西省,太原市,小店区,,,3
,,,猇亭区,湖北省,宜昌市,猇亭区,,,3
,,,萧山区,浙江省,杭州市,萧山区,,,3
,,,象州县,广西壮族自治区,来宾市,象州县,,,3
,,,象山县,浙江省,宁波市,象山县,,,3
,,,象山区,广西壮族自治区,桂林市,象山区,,,3
,,,项城市,河南省,周口市,项城市,,,3
,,,向阳区,黑龙江省,佳木斯市,向阳区,,,3
,,,向阳区,黑龙江省,鹤岗市,向阳区,,,3
,,,响水县,江苏省,盐城市,响水县,,,3
,,,翔安区,福建省,厦门市,翔安区,,,3
,,,祥云县,云南省,大理白族自治州,祥云县,,,3
,,,镶黄旗,内蒙古自治区,锡林郭勒盟,镶黄旗,,,3
,,,襄州区,湖北省,襄阳市,襄州区,,,3
,,,襄垣县,山西省,长治市,襄垣县,,,3
,,,襄汾县,山西省,临汾市,襄汾县,,,3
,,,襄城县,河南省,许昌市,襄城县,,,3
,,,襄城区,湖北省,襄阳市,襄城区,,,3
,,,湘阴县,湖南省,岳阳市,湘阴县,,,3
,,,湘乡市,湖南省,湘潭市,湘乡市,,,3
,,,湘潭县,湖南省,湘潭市,湘潭县,,,3
,,,湘桥区,广东省,潮州市,湘桥区,,,3
,,,湘东区,江西省,萍乡市,湘东区,,,3
,,,香洲区,广东省,珠海市,香洲区,,,3
,,,香河县,河北省,廊坊市,香河县,,,3
,,,香坊区,黑龙江省,哈尔滨市,香坊区,,,3
,,,相山区,安徽省,淮北市,相山区,,,3
,,,相城区,江苏省,苏州市,相城区,,,3
,,,芗城区,福建省,漳州市,芗城区,,,3
,,,乡宁县,山西省,临汾市,乡宁县,,,3
,,,乡城县,四川省,甘孜藏族自治州,乡城县,,,3
,,,咸丰县,湖北省,恩施土家族苗族自治州,咸丰县,,,3
,,,咸安区,湖北省,咸宁市,咸安区,,,3
,,,仙游县,福建省,莆田市,仙游县,,,3
,,,仙桃市,湖北省,省直辖,仙桃市,,,3
,,,仙居县,浙江省,台州市,仙居县,,,3
,,,夏邑县,河南省,商丘市,夏邑县,,,3
,,,夏津县,山东省,德州市,夏津县,,,3
,,,夏河县,甘肃省,甘南藏族自治州,夏河县,,,3
,,,大港区,天津,天津市,大港区,,,3
,,,下陆区,湖北省,黄石市,下陆区,,,3
,,,下城区,浙江省,杭州市,下城区,,,3
,,,霞山区,广东省,湛江市,霞山区,,,3
,,,霞浦县,福建省,宁德市,霞浦县,,,3
,,,峡江县,江西省,吉安市,峡江县,,,3
,,,细河区,辽宁省,阜新市,细河区,,,3
,,,喜德县,四川省,凉山彝族自治州,喜德县,,,3
,,,习水县,贵州省,遵义市,习水县,,,3
,,,溪湖区,辽宁省,本溪市,溪湖区,,,3
,,,锡山区,江苏省,无锡市,锡山区,,,3
,,,淅川县,河南省,南阳市,淅川县,,,3
,,,浠水县,湖北省,黄冈市,浠水县,,,3
,,,息烽县,贵州省,贵阳市,息烽县,,,3
,,,昔阳县,山西省,晋中市,昔阳县,,,3
,,,西秀区,贵州省,安顺市,西秀区,,,3
,,,西乡县,陕西省,汉中市,西乡县,,,3
,,,西夏区,宁夏回族自治区,银川市,西夏区,,,3
,,,西峡县,河南省,南阳市,西峡县,,,3
,,,西市区,辽宁省,营口市,西市区,,,3
,,,西山区,云南省,昆明市,西山区,,,3
,,,西青区,天津,天津市,西青区,,,3
,,,西平县,河南省,驻马店市,西平县,,,3
,,,西陵区,湖北省,宜昌市,西陵区,,,3
,,,西林县,广西壮族自治区,百色市,西林县,,,3
,,,西林区,黑龙江省,伊春市,西林区,,,3
,,,西吉县,宁夏回族自治区,固原市,西吉县,,,3
,,,西华县,河南省,周口市,西华县,,,3
,,,西湖区,浙江省,杭州市,西湖区,,,3
,,,西湖区,江西省,南昌市,西湖区,,,3
,,,西和县,甘肃省,陇南市,西和县,,,3
,,,西固区,甘肃省,兰州市,西固区,,,3
,,,西工区,河南省,洛阳市,西工区,,,3
,,,西岗区,辽宁省,大连市,西岗区,,,3
,,,西峰区,甘肃省,庆阳市,西峰区,,,3
,,,西丰县,辽宁省,铁岭市,西丰县,,,3
,,,西畴县,云南省,文山壮族苗族自治州,西畴县,,,3
,,,西充县,四川省,南充市,西充县,,,3
,,,西城区,北京市,北京市,西城区,,,3
,,,西昌市,四川省,凉山彝族自治州,西昌市,,,3
,,,西安区,黑龙江省,牡丹江市,西安区,,,3
,,,西安区,吉林省,辽源市,西安区,,,3
,,,婺源县,江西省,上饶市,婺源县,,,3
,,,婺城区,浙江省,金华市,婺城区,,,3
,,,舞阳县,河南省,漯河市,舞阳县,,,3
,,,舞钢市,河南省,平顶山市,舞钢市,,,3
,,,武陟县,河南省,焦作市,武陟县,,,3
,,,武邑县,河北省,衡水市,武邑县,,,3
,,,武义县,浙江省,金华市,武义县,,,3
,,,武穴市,湖北省,黄冈市,武穴市,,,3
,,,武宣县,广西壮族自治区,来宾市,武宣县,,,3
,,,武乡县,山西省,长治市,武乡县,,,3
,,,武胜县,四川省,广安市,武胜县,,,3
,,,武山县,甘肃省,天水市,武山县,,,3
,,,武清区,天津,天津市,武清区,,,3
,,,武强县,河北省,衡水市,武强县,,,3
,,,武平县,福建省,龙岩市,武平县,,,3
,,,武宁县,江西省,九江市,武宁县,,,3
,,,武宁县,湖南省,邵阳市,武宁县,,,3
,,,武鸣县,广西壮族自治区,南宁市,武鸣县,,,3
,,,武隆县,四川省,成都市,武隆县,,,3
,,,武隆县,重庆市,重庆市,武隆县,,,3
,,,武陵区,湖南省,常德市,武陵区,,,3
,,,武进区,江苏省,常州市,武进区,,,3
,,,武江区,广东省,韶关市,武江区,,,3
,,,武侯区,四川省,成都市,武侯区,,,3
,,,武功县,陕西省,咸阳市,武功县,,,3
,,,武冈市,湖南省,邵阳市,武冈市,,,3
,,,武都区,甘肃省,陇南市,武都区,,,3
,,,武定县,云南省,楚雄彝族自治州,武定县,,,3
,,,武川县,内蒙古自治区,呼和浩特市,武川县,,,3
,,,武城县,山东省,德州市,武城县,,,3
,,,武昌区,湖北省,武汉市,武昌区,,,3
,,,武安市,河北省,邯郸市,武安市,,,3
,,,五寨县,山西省,忻州市,五寨县,,,3
,,,五原县,内蒙古自治区,巴彦淖尔市,五原县,,,3
,,,五营区,黑龙江省,伊春市,五营区,,,3
,,,五台县,山西省,忻州市,五台县,,,3
,,,五莲县,山东省,日照市,五莲县,,,3
,,,五华县,广东省,梅州市,五华县,,,3
,,,五华区,云南省,昆明市,五华区,,,3
,,,五河县,安徽省,蚌埠市,五河县,,,3
,,,五常市,黑龙江省,哈尔滨市,五常市,,,3
,,,吴中区,江苏省,苏州市,吴中区,,,3
,,,吴兴区,浙江省,湖州市,吴兴区,,,3
,,,吴桥县,河北省,沧州市,吴桥县,,,3
,,,吴起县,陕西省,延安市,吴起县,,,3
,,,吴江区,江苏省,苏州市,吴江区,撤吴江市，设吴江区,,3
,,,吴川市,广东省,湛江市,吴川市,,,3
,,,吴堡县,陕西省,榆林市,吴堡县,,,3
,,,芜湖县,安徽省,芜湖市,芜湖县,,,3
,,,无为县,安徽省,芜湖市,无为县,,,3
,,,无极县,河北省,石家庄市,无极县,,,3
,,,无棣县,山东省,滨州市,无棣县,,,3
,,,巫溪县,四川省,成都市,巫溪县,,,3
,,,巫溪县,重庆市,重庆市,巫溪县,,,3
,,,巫山县,四川省,成都市,巫山县,,,3
,,,巫山县,重庆市,重庆市,巫山县,,,3
,,,乌苏市,新疆维吾尔自治区,塔城地区,乌苏市,,,3
,,,乌审旗,内蒙古自治区,鄂尔多斯市,乌审旗,,,3
,,,乌什县,新疆维吾尔自治区,阿克苏地区,乌什县,,,3
,,,乌恰县,新疆维吾尔自治区,克孜勒苏柯尔克孜自治州,乌恰县,,,3
,,,乌兰县,青海省,海西蒙古族藏族自治州,乌兰县,,,3
,,,乌当区,贵州省,贵阳市,乌当区,,,3
,,,乌达区,内蒙古自治区,乌海市,乌达区,,,3
,,,卧龙区,河南省,南阳市,卧龙区,,,3
,,,涡阳县,安徽省,亳州市,涡阳县,,,3
,,,瓮安县,贵州省,黔南布依族苗族自治州,瓮安县,,,3
,,,翁源县,广东省,韶关市,翁源县,,,3
,,,汶上县,山东省,济宁市,汶上县,,,3
,,,汶川县,四川省,阿坝藏族羌族自治州,汶川县,,,3
,,,闻喜县,山西省,运城市,闻喜县,,,3
,,,文水县,山西省,吕梁市,文水县,,,3
,,,文圣区,辽宁省,辽阳市,文圣区,,,3
,,,文山县,云南省,文山壮族苗族自治州,文山县,撤文山县，设文山市,,3
,,,文山市,云南省,文山壮族苗族自治州,文山市,撤文山县，设文山市,,3
,,,文峰区,河南省,安阳市,文峰区,,,3
,,,文登区,山东省,威海市,文登区,,,3
,,,文成县,浙江省,温州市,文成县,,,3
,,,文昌市,海南省,文昌市,文昌市,,,3
,,,文安县,河北省,廊坊市,文安县,,,3
,,,温宿县,新疆维吾尔自治区,阿克苏地区,温宿县,,,3
,,,温泉县,新疆维吾尔自治区,博尔塔拉蒙古自治州,温泉县,,,3
,,,温岭市,浙江省,台州市,温岭市,,,3
,,,温江区,四川省,成都市,温江区,,,3
,,,魏都区,河南省,许昌市,魏都区,,,3
,,,渭源县,甘肃省,定西市,渭源县,,,3
,,,渭城区,陕西省,咸阳市,渭城区,,,3
,,,渭滨区,陕西省,宝鸡市,渭滨区,,,3
,,,尉氏县,河南省,开封市,尉氏县,,,3
,,,尉犁县,新疆维吾尔自治区,巴音郭楞蒙古自治州,尉犁县,,,3
,,,未央区,陕西省,西安市,未央区,,,3
,,,卫辉市,河南省,新乡市,卫辉市,,,3
,,,卫东区,河南省,平顶山市,卫东区,,,3
,,,卫滨区,河南省,新乡市,卫滨区,,,3
,,,潍城区,山东省,潍坊市,潍城区,,,3
,,,微山县,山东省,济宁市,微山县,,,3
,,,威远县,四川省,内江市,威远县,,,3
,,,威信县,云南省,昭通市,威信县,,,3
,,,威宁县,贵州省,省直辖,威宁县,,,3
,,,望谟县,贵州省,黔西南布依族苗族自治州,望谟县,,,3
,,,望奎县,黑龙江省,绥化市,望奎县,,,3
,,,望江县,安徽省,安庆市,望江县,,,3
,,,望花区,辽宁省,抚顺市,望花区,,,3
,,,望都县,河北省,保定市,望都县,,,3
,,,望城区,湖南省,长沙市,望城区,,,3
,,,旺苍县,四川省,广元市,旺苍县,,,3
,,,王益区,陕西省,铜川市,王益区,,,3
,,,汪清县,吉林省,延边朝鲜族自治州,汪清县,,,3
,,,万州区,重庆市,重庆市,万州区,,,3
,,,万载县,江西省,宜春市,万载县,,,3
,,,万源市,四川省,达州市,万源市,,,3
,,,万秀区,广西壮族自治区,梧州市,万秀区,,,3
,,,万山区,贵州省,铜仁地区,万山区,,,3
,,,万荣县,山西省,运城市,万荣县,,,3
,,,万全县,河北省,张家口市,万全县,,,3
,,,万宁市,海南省,万宁市,万宁市,,,3
,,,万年县,江西省,上饶市,万年县,,,3
,,,万安县,江西省,吉安市,万安县,,,3
,,,宛城区,河南省,南阳市,宛城区,,,3
,,,湾里区,江西省,南昌市,湾里区,,,3
,,,托里县,新疆维吾尔自治区,塔城地区,托里县,,,3
,,,屯溪区,安徽省,黄山市,屯溪区,,,3
,,,屯留县,山西省,长治市,屯留县,,,3
,,,屯昌县,海南省,屯昌县,屯昌县,,,3
,,,团风县,湖北省,黄冈市,团风县,,,3
,,,图们市,吉林省,延边朝鲜族自治州,图们市,,,3
,,,突泉县,内蒙古自治区,兴安盟,突泉县,,,3
,,,潼南县,四川省,成都市,潼南县,,,3
,,,潼南县,重庆市,重庆市,潼南县,,,3
,,,潼关县,陕西省,渭南市,潼关县,,,3
,,,铜山县,江苏省,徐州市,铜山县,撤销徐州市九里区、江苏省铜山县，设立徐州市铜山区,,3
,,,铜山区,江苏省,徐州市,铜山区,,,3
,,,铜陵县,安徽省,铜陵市,铜陵县,,,3
,,,铜梁县,重庆市,重庆市,铜梁县,旧称，撤铜梁县，设铜梁区,,3
,,,铜梁区,重庆市,重庆市,铜梁区,旧称，撤铜梁县，设铜梁区,,3
,,,铜鼓县,江西省,宜春市,铜鼓县,,,3
,,,桐梓县,贵州省,遵义市,桐梓县,,,3
,,,桐乡市,浙江省,嘉兴市,桐乡市,,,3
,,,桐庐县,浙江省,杭州市,桐庐县,,,3
,,,桐城市,安徽省,安庆市,桐城市,,,3
,,,桐柏县,河南省,南阳市,桐柏县,,,3
,,,同心县,宁夏回族自治区,吴忠市,同心县,,,3
,,,同仁县,青海省,黄南藏族自治州,同仁县,,,3
,,,同江市,黑龙江省,佳木斯市,同江市,,,3
,,,同德县,青海省,海南藏族自治州,同德县,,,3
,,,同安区,福建省,厦门市,同安区,,,3
,,,通州区,北京市,北京市,通州区,,,3
,,,通州区,江苏省,南通市,通州区,,,3
,,,通榆县,吉林省,白城市,通榆县,,,3
,,,通许县,河南省,开封市,通许县,,,3
,,,通渭县,甘肃省,定西市,通渭县,,,3
,,,通山县,湖北省,咸宁市,通山县,,,3
,,,通江县,四川省,巴中市,通江县,,,3
,,,通化县,吉林省,通化市,通化县,,,3
,,,通河县,黑龙江省,哈尔滨市,通河县,,,3
,,,通海县,云南省,玉溪市,通海县,,,3
,,,通川区,四川省,达州市,通川区,,,3
,,,通城县,湖北省,咸宁市,通城县,,,3
,,,亭湖区,江苏省,盐城市,亭湖区,,,3
,,,铁西区,吉林省,四平市,铁西区,,,3
,,,铁西区,辽宁省,沈阳市,铁西区,,,3
,,,铁西区,辽宁省,鞍山市,铁西区,,,3
,,,铁山区,湖北省,黄石市,铁山区,,,3
,,,铁岭县,辽宁省,铁岭市,铁岭县,,,3
,,,铁力市,黑龙江省,伊春市,铁力市,,,3
,,,铁锋区,黑龙江省,齐齐哈尔市,铁锋区,,,3
,,,铁东区,吉林省,四平市,铁东区,,,3
,,,铁东区,辽宁省,鞍山市,铁东区,,,3
,,,田阳县,广西壮族自治区,百色市,田阳县,,,3
,,,田林县,广西壮族自治区,百色市,田林县,,,3
,,,田东县,广西壮族自治区,百色市,田东县,,,3
,,,天柱县,贵州省,黔东南苗族侗族自治州,天柱县,,,3
,,,天镇县,山西省,大同市,天镇县,,,3
,,,天长市,安徽省,滁州市,天长市,,,3
,,,天元区,湖南省,株洲市,天元区,,,3
,,,天涯区,海南省,三亚市,天涯区,,,3
,,,天心区,湖南省,长沙市,天心区,,,3
,,,天台县,浙江省,台州市,天台县,,,3
,,,天山区,新疆维吾尔自治区,乌鲁木齐市,天山区,,,3
,,,天全县,四川省,雅安市,天全县,,,3
,,,天桥区,山东省,济南市,天桥区,,,3
,,,天宁区,江苏省,常州市,天宁区,,,3
,,,天门市,湖北省,省直辖,天门市,,,3
,,,天峻县,青海省,海西蒙古族藏族自治州,天峻县,,,3
,,,天河区,广东省,广州市,天河区,,,3
,,,天峨县,广西壮族自治区,河池市,天峨县,,,3
,,,天等县,广西壮族自治区,崇左市,天等县,,,3
,,,滕州市,山东省,枣庄市,滕州市,,,3
,,,腾冲县,云南省,保山市,腾冲县,,,3
,,,桃源县,湖南省,常德市,桃源县,,,3
,,,桃山区,黑龙江省,七台河市,桃山区,,,3
,,,桃江县,湖南省,益阳市,桃江县,,,3
,,,桃城区,河北省,衡水市,桃城区,,,3
,,,洮南市,吉林省,白城市,洮南市,,,3
,,,洮北区,吉林省,白城市,洮北区,,,3
,,,唐河县,河南省,南阳市,唐河县,,,3
,,,汤原县,黑龙江省,佳木斯市,汤原县,,,3
,,,汤阴县,河南省,安阳市,汤阴县,,,3
,,,覃塘区,广西壮族自治区,贵港市,覃塘区,,,3
,,,郯城县,山东省,临沂市,郯城县,,,3
,,,泰兴市,江苏省,泰州市,泰兴市,,,3
,,,泰顺县,浙江省,温州市,泰顺县,,,3
,,,泰山区,山东省,泰安市,泰山区,,,3
,,,泰宁县,福建省,三明市,泰宁县,,,3
,,,泰来县,黑龙江省,齐齐哈尔市,泰来县,,,3
,,,泰和县,江西省,吉安市,泰和县,,,3
,,,太平区,辽宁省,阜新市,太平区,,,3
,,,太康县,河南省,周口市,太康县,,,3
,,,太湖县,安徽省,安庆市,太湖县,,,3
,,,太和县,安徽省,阜阳市,太和县,,,3
,,,太和区,辽宁省,锦州市,太和区,,,3
,,,太谷县,山西省,晋中市,太谷县,,,3
,,,太仓市,江苏省,苏州市,太仓市,,,3
,,,太白县,陕西省,宝鸡市,太白县,,,3
,,,台山市,广东省,江门市,台山市,,,3
,,,台前县,河南省,濮阳市,台前县,,,3
,,,台江县,贵州省,黔东南苗族侗族自治州,台江县,,,3
,,,台江区,福建省,福州市,台江区,,,3
,,,台安县,辽宁省,鞍山市,台安县,,,3
,,,塔河县,黑龙江省,大兴安岭地区,塔河县,,,3
,,,塔城市,新疆维吾尔自治区,塔城地区,塔城市,,,3
,,,孙吴县,黑龙江省,黑河市,孙吴县,,,3
,,,遂溪县,广东省,湛江市,遂溪县,,,3
,,,遂平县,河南省,驻马店市,遂平县,,,3
,,,遂川县,江西省,吉安市,遂川县,,,3
,,,遂昌县,浙江省,丽水市,遂昌县,,,3
,,,绥中县,辽宁省,葫芦岛市,绥中县,,,3
,,,绥阳县,贵州省,遵义市,绥阳县,,,3
,,,绥宁县,湖南省,邵阳市,绥宁县,,,3
,,,绥棱县,黑龙江省,绥化市,绥棱县,,,3
,,,绥江县,云南省,昭通市,绥江县,,,3
,,,绥德县,陕西省,榆林市,绥德县,,,3
,,,绥滨县,黑龙江省,鹤岗市,绥滨县,,,3
,,,濉溪县,安徽省,淮北市,濉溪县,,,3
,,,睢阳区,河南省,商丘市,睢阳区,,,3
,,,睢宁县,江苏省,徐州市,睢宁县,,,3
,,,肃州区,甘肃省,酒泉市,肃州区,,,3
,,,肃宁县,河北省,沧州市,肃宁县,,,3
,,,苏仙区,湖南省,郴州市,苏仙区,,,3
,,,嵩明县,云南省,昆明市,嵩明县,,,3
,,,松滋市,湖北省,荆州市,松滋市,,,3
,,,松阳县,浙江省,丽水市,松阳县,,,3
,,,松溪县,福建省,南平市,松溪县,,,3
,,,松山区,内蒙古自治区,赤峰市,松山区,,,3
,,,松潘县,四川省,阿坝藏族羌族自治州,松潘县,,,3
,,,松岭区,黑龙江省,大兴安岭地区,松岭区,,,3
,,,松江区,上海,上海市,松江区,,,3
,,,松北区,黑龙江省,哈尔滨市,松北区,,,3
,,,泗阳县,江苏省,宿迁市,泗阳县,,,3
,,,泗水县,山东省,济宁市,泗水县,,,3
,,,泗洪县,江苏省,宿迁市,泗洪县,,,3
,,,四会市,广东省,肇庆市,四会市,,,3
,,,思南县,贵州省,铜仁地区,思南县,,,3
,,,思明区,福建省,厦门市,思明区,,,3
,,,思茅区,云南省,普洱市,思茅区,,,3
,,,朔城区,山西省,朔州市,朔城区,,,3
,,,顺义区,北京市,北京市,顺义区,,,3
,,,顺庆区,四川省,南充市,顺庆区,,,3
,,,顺平县,河北省,保定市,顺平县,,,3
,,,顺德区,广东省,佛山市,顺德区,,,3
,,,顺城区,辽宁省,抚顺市,顺城区,,,3
,,,顺昌县,福建省,南平市,顺昌县,,,3
,,,水富县,云南省,昭通市,水富县,,,3
,,,水城县,贵州省,六盘水市,水城县,,,3
,,,双阳区,吉林省,长春市,双阳区,,,3
,,,双塔区,辽宁省,朝阳市,双塔区,,,3
,,,双清区,湖南省,邵阳市,双清区,,,3
,,,双桥区,河北省,承德市,双桥区,,,3
,,,双牌县,湖南省,永州市,双牌县,,,3
,,,双滦区,河北省,承德市,双滦区,,,3
,,,双流县,四川省,成都市,双流县,,,3
,,,双辽市,吉林省,四平市,双辽市,,,3
,,,双河市,新疆维吾尔自治区,省直管市,双河市,,,3
,,,双峰县,湖南省,娄底市,双峰县,,,3
,,,双城市,黑龙江省,哈尔滨市,双城市,,,3
,,,双柏县,云南省,楚雄彝族自治州,双柏县,,,3
,,,沭阳县,江苏省,宿迁市,沭阳县,,,3
,,,蜀山区,安徽省,合肥市,蜀山区,,,3
,,,疏勒县,新疆维吾尔自治区,喀什地区,疏勒县,,,3
,,,疏附县,新疆维吾尔自治区,喀什地区,疏附县,,,3
,,,舒兰市,吉林省,吉林市,舒兰市,,,3
,,,舒城县,安徽省,六安市,舒城县,,,3
,,,寿阳县,山西省,晋中市,寿阳县,,,3
,,,寿宁县,福建省,宁德市,寿宁县,,,3
,,,寿光市,山东省,潍坊市,寿光市,,,3
,,,市中区,山东省,济南市,市中区,,,3
,,,市中区,山东省,枣庄市,市中区,,,3
,,,市中区,四川省,内江市,市中区,,,3
,,,市中区,四川省,乐山市,市中区,,,3
,,,市辖区,湖北省,鄂州市,市辖区,,,3
,,,市辖区,甘肃省,定西市,市辖区,,,3
,,,市南区,山东省,青岛市,市南区,,,3
,,,市北区,山东省,青岛市,市北区,,,3
,,,始兴县,广东省,韶关市,始兴县,,,3
,,,石柱县,四川省,成都市,石柱土家族自治县,,,3
,,,石台县,安徽省,池州市,石台县,,,3
,,,石首市,湖北省,荆州市,石首市,,,3
,,,石狮市,福建省,泉州市,石狮市,,,3
,,,石泉县,陕西省,安康市,石泉县,,,3
,,,石渠县,四川省,甘孜藏族自治州,石渠县,,,3
,,,石阡县,贵州省,铜仁地区,石阡县,,,3
,,,石屏县,云南省,红河哈尼族彝族自治州,石屏县,,,3
,,,石棉县,四川省,雅安市,石棉县,,,3
,,,石门县,湖南省,常德市,石门县,,,3
,,,石楼县,山西省,吕梁市,石楼县,,,3
,,,石龙区,河南省,平顶山市,石龙区,,,3
,,,石拐区,内蒙古自治区,包头市,石拐区,,,3
,,,石鼓区,湖南省,衡阳市,石鼓区,,,3
,,,石峰区,湖南省,株洲市,石峰区,,,3
,,,石城县,江西省,赣州市,石城县,,,3
,,,浉河区,河南省,信阳市,浉河区,,,3
,,,施甸县,云南省,保山市,施甸县,,,3
,,,施秉县,贵州省,黔东南苗族侗族自治州,施秉县,,,3
,,,师宗县,云南省,曲靖市,师宗县,,,3
,,,嵊州市,浙江省,绍兴市,嵊州市,,,3
,,,嵊泗县,浙江省,舟山市,嵊泗县,,,3
,,,沈丘县,河南省,周口市,沈丘县,,,3
,,,沈河区,辽宁省,沈阳市,沈河区,,,3
,,,神木县,陕西省,榆林市,神木县,,,3
,,,神池县,山西省,忻州市,神池县,,,3
,,,什邡市,四川省,德阳市,什邡市,,,3
,,,深州市,河北省,衡水市,深州市,,,3
,,,深泽县,河北省,石家庄市,深泽县,,,3
,,,申扎县,西藏自治区,那曲地区,申扎县,,,3
,,,射阳县,江苏省,盐城市,射阳县,,,3
,,,射洪县,四川省,遂宁市,射洪县,,,3
,,,社旗县,河南省,南阳市,社旗县,,,3
,,,邵阳县,湖南省,邵阳市,邵阳县,,,3
,,,邵武市,福建省,南平市,邵武市,,,3
,,,邵东县,湖南省,邵阳市,邵东县,,,3
,,,韶山市,湖南省,湘潭市,韶山市,,,3
,,,尚志市,黑龙江省,哈尔滨市,尚志市,,,3
,,,尚义县,河北省,张家口市,尚义县,,,3
,,,上虞区,浙江省,绍兴市,上虞区,撤上虞市，设上虞区,,3
,,,上犹县,江西省,赣州市,上犹县,,,3
,,,上思县,广西壮族自治区,防城港市　　,上思县,,,3
,,,上饶县,江西省,上饶市,上饶县,,,3
,,,上林县,广西壮族自治区,南宁市,上林县,,,3
,,,上栗县,江西省,萍乡市,上栗县,,,3
,,,上街区,河南省,郑州市,上街区,,,3
,,,上杭县,福建省,龙岩市,上杭县,,,3
,,,上高县,江西省,宜春市,上高县,,,3
,,,上城区,浙江省,杭州市,上城区,,,3
,,,上蔡县,河南省,驻马店市,上蔡县,,,3
,,,商州区,陕西省,商洛市,商州区,,,3
,,,商水县,河南省,周口市,商水县,,,3
,,,商南县,陕西省,商洛市,商南县,,,3
,,,商河县,山东省,济南市,商河县,,,3
,,,商都县,内蒙古自治区,乌兰察布市,商都县,,,3
,,,商城县,河南省,信阳市,商城县,,,3
,,,鄯善县,新疆维吾尔自治区,吐鲁番地区,鄯善县,,,3
,,,山阴县,山西省,朔州市,山阴县,,,3
,,,山阳县,陕西省,商洛市,山阳县,,,3
,,,山阳区,河南省,焦作市,山阳区,,,3
,,,山亭区,山东省,枣庄市,山亭区,,,3
,,,山丹县,甘肃省,张掖市,山丹县,,,3
,,,山城区,河南省,鹤壁市,山城区,,,3
,,,莎车县,新疆维吾尔自治区,喀什地区,莎车县,,,3
,,,沙洋县,湖北省,荆门市,沙洋县,,,3
,,,沙雅县,新疆维吾尔自治区,阿克苏地区,沙雅县,,,3
,,,金沙县,贵州省,毕节地区,金沙县,,,3
,,,沙湾县,新疆维吾尔自治区,塔城地区,沙湾县,,,3
,,,沙湾区,四川省,乐山市,沙湾区,,,3
,,,沙市区,湖北省,荆州市,沙市区,,,3
,,,沙河市,河北省,邢台市,沙河市,,,3
,,,色达县,四川省,甘孜藏族自治州,色达县,,,3
,,,桑植县,湖南省,张家界市,桑植县,,,3
,,,桑日县,西藏自治区,山南地区,桑日县,,,3
,,,三原县,陕西省,咸阳市,三原县,,,3
,,,三元区,福建省,三明市,三元区,,,3
,,,三台县,四川省,绵阳市,三台县,,,3
,,,三穗县,贵州省,黔东南苗族侗族自治州,三穗县,,,3
,,,三水区,广东省,佛山市,三水区,,,3
,,,三山区,安徽省,芜湖市,三山区,,,3
,,,三门县,浙江省,台州市,三门县,,,3
,,,三河市,河北省,廊坊市,三河市,,,3
,,,赛罕区,内蒙古自治区,呼和浩特市,赛罕区,,,3
,,,萨迦县,西藏自治区,日喀则市,萨迦县,,,3
,,,萨嘎县,西藏自治区,日喀则市,萨嘎县,,,3
,,,若羌县,新疆维吾尔自治区,巴音郭楞蒙古自治州,若羌县,,,3
,,,润州区,江苏省,镇江市,润州区,,,3
,,,瑞丽市,云南省,德宏傣族景颇族自治州,瑞丽市,,,3
,,,瑞金市,江西省,赣州市,瑞金市,,,3
,,,瑞昌市,江西省,九江市,瑞昌市,,,3
,,,瑞安市,浙江省,温州市,瑞安市,,,3
,,,芮城县,山西省,运城市,芮城县,,,3
,,,乳山市,山东省,威海市,乳山市,,,3
,,,汝州市,河南省,平顶山市,汝州市,,,3
,,,汝阳县,河南省,洛阳市,汝阳县,,,3
,,,汝南县,河南省,驻马店市,汝南县,,,3
,,,汝城县,湖南省,郴州市,汝城县,,,3
,,,如皋市,江苏省,南通市,如皋市,,,3
,,,如东县,江苏省,南通市,如东县,,,3
,,,融安县,广西壮族自治区,柳州市,融安县,,,3
,,,榕江县,贵州省,黔东南苗族侗族自治州,榕江县,,,3
,,,榕城区,广东省,揭阳市,榕城区,,,3
,,,容城县,河北省,保定市,容城县,,,3
,,,荣成市,山东省,威海市,荣成市,,,3
,,,荣昌县,重庆市,重庆市,荣昌县,,,3
,,,荣昌县,四川省,成都市,荣昌县,,,3
,,,日土县,西藏自治区,阿里地区,日土县,,,3
,,,任丘市,河北省,沧州市,任丘市,,,3
,,,任城区,山东省,济宁市,任城区,,,3
,,,仁寿县,四川省,眉山市,仁寿县,,,3
,,,仁怀市,贵州省,遵义市,仁怀市,,,3
,,,仁怀市,贵州省,省直辖,仁怀市,,,3
,,,仁化县,广东省,韶关市,仁化县,,,3
,,,仁和区,四川省,攀枝花市,仁和区,,,3
,,,仁布县,西藏自治区,日喀则市,仁布县,,,3
,,,饶阳县,河北省,衡水市,饶阳县,,,3
,,,饶平县,广东省,潮州市,饶平县,,,3
,,,饶河县,黑龙江省,双鸭山市,饶河县,,,3
,,,壤塘县,四川省,阿坝藏族羌族自治州,壤塘县,,,3
,,,确山县,河南省,驻马店市,确山县,,,3
,,,泉山区,江苏省,徐州市,泉山区,,,3
,,,泉港区,福建省,泉州市,泉港区,,,3
,,,全州县,广西壮族自治区,桂林市,全州县,,,3
,,,全南县,江西省,赣州市,全南县,,,3
,,,全椒县,安徽省,滁州市,全椒县,,,3
,,,曲周县,河北省,邯郸市,曲周县,,,3
,,,曲阳县,河北省,保定市,曲阳县,,,3
,,,曲沃县,山西省,临汾市,曲沃县,,,3
,,,曲松县,西藏自治区,山南地区,曲松县,,,3
,,,曲水县,西藏自治区,拉萨市,曲水县,,,3
,,,曲江区,广东省,韶关市,曲江区,,,3
,,,曲阜市,山东省,济宁市,曲阜市,,,3
,,,衢江区,浙江省,衢州市,衢江区,,,3
,,,丘北县,云南省,文山壮族苗族自治州,丘北县,,,3
,,,琼山区,海南省,海口市,琼山区,,,3
,,,琼结县,西藏自治区,山南地区,琼结县,,,3
,,,琼海市,海南省,琼海市,琼海市,,,3
,,,邛崃市,四川省,成都市,邛崃市,,,3
,,,庆云县,山东省,德州市,庆云县,,,3
,,,庆元县,浙江省,丽水市,庆元县,,,3
,,,庆城县,甘肃省,庆阳市,庆城县,,,3
,,,庆安县,黑龙江省,绥化市,庆安县,,,3
,,,晴隆县,贵州省,黔西南布依族苗族自治州,晴隆县,,,3
,,,清镇市,贵州省,贵阳市,清镇市,,,3
,,,清苑县,河北省,保定市,清苑县,,,3
,,,清徐县,山西省,太原市,清徐县,,,3
,,,清新区,广东省,清远市,清新区,原清新县改为：清新区,,3
,,,清水县,甘肃省,天水市,清水县,,,3
,,,清浦区,江苏省,淮安市,清浦区,,,3
,,,清流县,福建省,三明市,清流县,,,3
,,,清涧县,陕西省,榆林市,清涧县,,,3
,,,清河县,河北省,邢台市,清河县,,,3
,,,清河区,辽宁省,铁岭市,清河区,,,3
,,,清河区,江苏省,淮安市,清河区,,,3
,,,清丰县,河南省,濮阳市,清丰县,,,3
,,,清城区,广东省,清远市,清城区,,,3
,,,青州市,山东省,潍坊市,青州市,,,3
,,,青原区,江西省,吉安市,青原区,,,3
,,,青阳县,安徽省,池州市,青阳县,,,3
,,,青羊区,四川省,成都市,青羊区,,,3
,,,青秀区,广西壮族自治区,南宁市,青秀区,,,3
,,,昌都县,西藏自治区,昌都地区,昌都县,,,3
,,,青田县,浙江省,丽水市,青田县,,,3
,,,青神县,四川省,眉山市,青神县,,,3
,,,青山区,内蒙古自治区,包头市,青山区,,,3
,,,青山区,湖北省,武汉市,青山区,,,3
,,,青浦区,上海,上海市,青浦区,,,3
,,,青河县,新疆维吾尔自治区,阿勒泰地区,青河县,,,3
,,,青冈县,黑龙江省,绥化市,青冈县,,,3
,,,青川县,四川省,广元市,青川县,,,3
,,,沁源县,山西省,长治市,沁源县,,,3
,,,沁阳市,河南省,焦作市,沁阳市,,,3
,,,沁水县,山西省,晋城市,沁水县,,,3
,,,秦州区,甘肃省,天水市,秦州区,,,3
,,,秦淮区,江苏省,南京市,秦淮区,,,3
,,,秦都区,陕西省,咸阳市,秦都区,,,3
,,,秦安县,甘肃省,天水市,秦安县,,,3
,,,钦南区,广西壮族自治区,钦州市,钦南区,,,3
,,,钦北区,广西壮族自治区,钦州市,钦北区,,,3
,,,且末县,新疆维吾尔自治区,巴音郭楞蒙古自治州,且末县,,,3
,,,巧家县,云南省,昭通市,巧家县,,,3
,,,谯城区,安徽省,亳州市,谯城区,,,3
,,,硚口区,湖北省,武汉市,硚口区,,,3
,,,黔西县,贵州省,毕节地区,黔西县,,,3
,,,黔江区,重庆市,重庆市,黔江区,,,3
,,,潜山县,安徽省,安庆市,潜山县,,,3
,,,潜江市,湖北省,省直辖,潜江市,,,3
,,,乾安县,吉林省,松原市,乾安县,,,3
,,,前进区,黑龙江省,佳木斯市,前进区,,,3
,,,前锋区,四川省,广安市,前锋区,,,3
,,,铅山县,江西省,上饶市,铅山县,,,3
,,,迁西县,河北省,唐山市,迁西县,,,3
,,,迁安市,河北省,唐山市,迁安市,,,3
,,,千阳县,陕西省,宝鸡市,千阳县,,,3
,,,千山区,辽宁省,鞍山市,千山区,,,3
,,,启东市,江苏省,南通市,启东市,,,3
,,,麒麟区,云南省,曲靖市,麒麟区,,,3
,,,蕲春县,湖北省,黄冈市,蕲春县,,,3
,,,綦江区,重庆市,重庆市,綦江区,,,3
,,,淇滨区,河南省,鹤壁市,淇滨区,,,3
,,,奇台县,新疆维吾尔自治区,昌吉回族自治州,奇台县,,,3
,,,岐山县,陕西省,宝鸡市,岐山县,,,3
,,,祁阳县,湖南省,永州市,祁阳县,,,3
,,,祁门县,安徽省,黄山市,祁门县,,,3
,,,祁连县,青海省,海北藏族自治州,祁连县,,,3
,,,祁东县,湖南省,衡阳市,祁东县,,,3
,,,齐河县,山东省,德州市,齐河县,,,3
,,,栖霞市,山东省,烟台市,栖霞市,,,3
,,,栖霞区,江苏省,南京市,栖霞区,,,3
,,,七星区,广西壮族自治区,桂林市,七星区,,,3
,,,普陀区,上海,上海市,普陀区,,,3
,,,普陀区,浙江省,舟山市,普陀区,,,3
,,,普宁市,广东省,揭阳市,普宁市,,,3
,,,普兰县,西藏自治区,阿里地区,普兰县,,,3
,,,普格县,四川省,凉山彝族自治州,普格县,,,3
,,,普定县,贵州省,安顺市,普定县,,,3
,,,普安县,贵州省,黔西南布依族苗族自治州,普安县,,,3
,,,浦口区,江苏省,南京市,浦口区,,,3
,,,浦江县,浙江省,金华市,浦江县,,,3
,,,浦城县,福建省,南平市,浦城县,,,3
,,,浦北县,广西壮族自治区,钦州市,浦北县,,,3
,,,濮阳县,河南省,濮阳市,濮阳县,,,3
,,,蒲江县,四川省,成都市,蒲江县,,,3
,,,蒲城县,陕西省,渭南市,蒲城县,,,3
,,,鄱阳县,江西省,上饶市,鄱阳县,,,3
,,,坡头区,广东省,湛江市,坡头区,,,3
,,,屏山县,四川省,宜宾市,屏山县,,,3
,,,屏南县,福建省,宁德市,屏南县,,,3
,,,凭祥市,广西壮族自治区,崇左市,凭祥市,,,3
,,,平远县,广东省,梅州市,平远县,,,3
,,,平原县,山东省,德州市,平原县,,,3
,,,平舆县,河南省,驻马店市,平舆县,,,3
,,,平阴县,山东省,济南市,平阴县,,,3
,,,平邑县,山东省,临沂市,平邑县,,,3
,,,平遥县,山西省,晋中市,平遥县,,,3
,,,平阳县,浙江省,温州市,平阳县,,,3
,,,平乡县,河北省,邢台市,平乡县,,,3
,,,平武县,四川省,绵阳市,平武县,,,3
,,,平塘县,贵州省,黔南布依族苗族自治州,平塘县,,,3
,,,平潭县,福建省,福州市,平潭县,,,3
,,,平潭县,福建省,平潭县,平潭县,,,3
,,,平顺县,山西省,长治市,平顺县,,,3
,,,平山县,河北省,石家庄市,平山县,,,3
,,,平山区,辽宁省,本溪市,平山区,,,3
,,,平泉县,河北省,承德市,平泉县,,,3
,,,平桥区,河南省,信阳市,平桥区,,,3
,,,平南县,广西壮族自治区,贵港市　　,平南县,,,3
,,,平罗县,宁夏回族自治区,石嘴山市,平罗县,,,3
,,,平陆县,山西省,运城市,平陆县,,,3
,,,平鲁区,山西省,朔州市,平鲁区,,,3
,,,平利县,陕西省,安康市,平利县,,,3
,,,平乐县,广西壮族自治区,桂林市,平乐县,,,3
,,,平江县,湖南省,岳阳市,平江县,,,3
,,,平湖市,浙江省,嘉兴市,平湖市,,,3
,,,平和县,福建省,漳州市,平和县,,,3
,,,平果县,广西壮族自治区,百色市,平果县,,,3
,,,平谷区,北京市,北京市,平谷区,,,3
,,,平房区,黑龙江省,哈尔滨市,平房区,,,3
,,,平度市,山东省,青岛市,平度市,,,3
,,,平定县,山西省,阳泉市,平定县,,,3
,,,平川区,甘肃省,白银市,平川区,,,3
,,,平昌县,四川省,巴中市,平昌县,,,3
,,,平坝县,贵州省,安顺市,平坝县,,,3
,,,平安县,青海省,海东地区,平安县,,,3
,,,偏关县,山西省,忻州市,偏关县,,,3
,,,皮山县,新疆维吾尔自治区,和田地区,皮山县,,,3
,,,邳州市,江苏省,徐州市,邳州市,,,3
,,,蓬溪县,四川省,遂宁市,蓬溪县,,,3
,,,蓬莱市,山东省,烟台市,蓬莱市,,,3
,,,蓬江区,广东省,江门市,蓬江区,,,3
,,,蓬安县,四川省,南充市,蓬安县,,,3
,,,彭州市,四川省,成都市,彭州市,,,3
,,,彭泽县,江西省,九江市,彭泽县,,,3
,,,彭阳县,宁夏回族自治区,固原市,彭阳县,,,3
,,,彭水县,四川省,成都市,彭水苗族土家族自治县,,,3
,,,彭山县,四川省,眉山市,彭山县,,,3
,,,磐石市,吉林省,吉林市,磐石市,,,3
,,,磐安县,浙江省,金华市,磐安县,,,3
,,,盘山县,辽宁省,盘锦市,盘山县,,,3
,,,盘龙区,云南省,昆明市,盘龙区,,,3
,,,潘集区,安徽省,淮南市,潘集区,,,3
,,,瓯海区,浙江省,温州市,瓯海区,,,3
,,,农安县,吉林省,长春市,农安县,,,3
,,,宁远县,湖南省,永州市,宁远县,,,3
,,,宁阳县,山东省,泰安市,宁阳县,,,3
,,,宁乡县,湖南省,长沙市,宁乡县,,,3
,,,宁武县,山西省,忻州市,宁武县,,,3
,,,宁陕县,陕西省,安康市,宁陕县,,,3
,,,宁强县,陕西省,汉中市,宁强县,,,3
,,,宁南县,四川省,凉山彝族自治州,宁南县,,,3
,,,宁明县,广西壮族自治区,崇左市,宁明县,,,3
,,,宁陵县,河南省,商丘市,宁陵县,,,3
,,,宁晋县,河北省,邢台市,宁晋县,,,3
,,,宁津县,山东省,德州市,宁津县,,,3
,,,宁江区,吉林省,松原市,宁江区,,,3
,,,宁化县,福建省,三明市,宁化县,,,3
,,,宁河县,天津,天津市,宁河县,,,3
,,,宁海县,浙江省,宁波市,宁海县,,,3
,,,宁国市,安徽省,宣城市,宁国市,,,3
,,,宁都县,江西省,赣州市,宁都县,,,3
,,,宁城县,内蒙古自治区,赤峰市,宁城县,,,3
,,,宁安市,黑龙江省,牡丹江市,宁安市,,,3
,,,聂荣县,西藏自治区,那曲地区,聂荣县,,,3
,,,尼木县,西藏自治区,拉萨市,尼木县,,,3
,,,尼玛县,西藏自治区,那曲地区,尼玛县,,,3
,,,嫩江县,黑龙江省,黑河市,嫩江县,,,3
,,,内乡县,河南省,南阳市,内乡县,,,3
,,,内丘县,河北省,邢台市,内丘县,,,3
,,,内黄县,河南省,安阳市,内黄县,,,3
,,,讷河市,黑龙江省,齐齐哈尔市,讷河市,,,3
,,,囊谦县,青海省,玉树藏族自治州,囊谦县,,,3
,,,南郑县,陕西省,汉中市,南郑县,,,3
,,,南召县,河南省,南阳市,南召县,,,3
,,,南长区,江苏省,无锡市,南长区,,,3
,,,南漳县,湖北省,襄阳市,南漳县,,,3
,,,南岳区,湖南省,衡阳市,南岳区,,,3
,,,南浔区,浙江省,湖州市,南浔区,,,3
,,,南雄市,广东省,韶关市,南雄市,,,3
,,,南溪县,四川省,宜宾市,南溪县,旧，撤南溪县，设南溪区,,3
,,,南溪区,四川省,宜宾市,南溪区,撤南溪县，设南溪区,,3
,,,南市区,河北省,保定市,南市区,,,3
,,,南山区,广东省,深圳市,南山区,,,3
,,,南山区,黑龙江省,鹤岗市,南山区,,,3
,,,南沙区,广东省,广州市,南沙区,,,3
,,,南谯区,安徽省,滁州市,南谯区,,,3
,,,南票区,辽宁省,葫芦岛市,南票区,,,3
,,,南皮县,河北省,沧州市,南皮县,,,3
,,,南明区,贵州省,贵阳市,南明区,,,3
,,,南陵县,安徽省,芜湖市,南陵县,,,3
,,,南乐县,河南省,濮阳市,南乐县,,,3
,,,南康区,江西省,赣州市,南康区,,,3
,,,南开区,天津,天津市,南开区,,,3
,,,南靖县,福建省,漳州市,南靖县,,,3
,,,南郊区,山西省,大同市,南郊区,,,3
,,,南江县,四川省,巴中市,南江县,,,3
,,,南华县,云南省,楚雄彝族自治州,南华县,,,3
,,,南湖区,浙江省,嘉兴市,南湖区,,,3
,,,南和县,河北省,邢台市,南和县,,,3
,,,南海区,广东省,佛山市,南海区,,,3
,,,南关区,吉林省,长春市,南关区,,,3
,,,南宫市,河北省,邢台市,南宫市,,,3
,,,南岗区,黑龙江省,哈尔滨市,南岗区,,,3
,,,南丰县,江西省,抚州市,南丰县,,,3
,,,南芬区,辽宁省,本溪市,南芬区,,,3
,,,南丹县,广西壮族自治区,河池市,南丹县,,,3
,,,南川区,重庆市,重庆市,南川区,,,3
,,,南城县,江西省,抚州市,南城县,,,3
,,,南昌县,江西省,南昌市,南昌县,,,3
,,,南岔区,黑龙江省,伊春市,南岔区,,,3
,,,南部县,四川省,南充市,南部县,,,3
,,,南澳县,广东省,汕头市,南澳县,,,3
,,,南岸区,重庆市,重庆市,南岸区,,,3
,,,南安市,福建省,泉州市,南安市,,,3
,,,奈曼旗,内蒙古自治区,通辽市,奈曼旗,,,3
,,,乃东县,西藏自治区,山南地区,乃东县,,,3
,,,纳雍县,贵州省,毕节地区,纳雍县,,,3
,,,纳溪区,四川省,泸州市,纳溪区,,,3
,,,那曲县,西藏自治区,那曲地区,那曲县,,,3
,,,那坡县,广西壮族自治区,百色市,那坡县,,,3
,,,穆棱市,黑龙江省,牡丹江市,穆棱市,,,3
,,,牧野区,河南省,新乡市,牧野区,,,3
,,,沐川县,四川省,乐山市,沐川县,,,3
,,,木兰县,黑龙江省,哈尔滨市,木兰县,,,3
,,,牡丹区,山东省,菏泽市　　,牡丹区,,,3
,,,牟平区,山东省,烟台市,牟平区,,,3
,,,牟定县,云南省,楚雄彝族自治州,牟定县,,,3
,,,墨玉县,新疆维吾尔自治区,和田地区,墨玉县,,,3
,,,墨脱县,西藏自治区,林芝地区,墨脱县,,,3
,,,漠河县,黑龙江省,大兴安岭地区,漠河县,,,3
,,,明溪县,福建省,三明市,明溪县,,,3
,,,明水县,黑龙江省,绥化市,明水县,,,3
,,,明山区,辽宁省,本溪市,明山区,,,3
,,,明光市,安徽省,滁州市,明光市,,,3
,,,名山县,四川省,雅安市,名山县,,,3
,,,名山区,四川省,雅安市,名山区,,,3
,,,闽清县,福建省,福州市,闽清县,,,3
,,,闽侯县,福建省,福州市,闽侯县,,,3
,,,闵行区,上海,上海市,闵行区,,,3
,,,民权县,河南省,商丘市,民权县,,,3
,,,民勤县,甘肃省,武威市,民勤县,,,3
,,,民乐县,甘肃省,张掖市,民乐县,,,3
,,,民丰县,新疆维吾尔自治区,和田地区,民丰县,,,3
,,,渑池县,河南省,三门峡市,渑池县,,,3
,,,冕宁县,四川省,凉山彝族自治州,冕宁县,,,3
,,,绵竹市,四川省,德阳市,绵竹市,,,3
,,,密云县,北京市,北京市,密云县,,,3
,,,密山市,黑龙江省,鸡西市,密山市,,,3
,,,泌阳县,河南省,驻马店市,泌阳县,,,3
,,,汨罗市,湖南省,岳阳市,汨罗市,,,3
,,,米脂县,陕西省,榆林市,米脂县,,,3
,,,米易县,四川省,攀枝花市,米易县,,,3
,,,米林县,西藏自治区,林芝地区,米林县,,,3
,,,米东区,新疆维吾尔自治区,乌鲁木齐市,米东区,,,3
,,,弥勒县,云南省,红河哈尼族彝族自治州,弥勒县,旧称，现改：弥勒市,,3
,,,弥勒市,云南省,红河哈尼族彝族自治州,弥勒市,,,3
,,,弥渡县,云南省,大理白族自治州,弥渡县,,,3
,,,孟州市,河南省,焦作市,孟州市,,,3
,,,孟津县,河南省,洛阳市,孟津县,,,3
,,,勐腊县,云南省,西双版纳傣族自治州,勐腊县,,,3
,,,勐海县,云南省,西双版纳傣族自治州,勐海县,,,3
,,,蒙自县,云南省,红河哈尼族彝族自治州,蒙自县,,,3
,,,蒙自市,云南省,红河哈尼族彝族自治州,蒙自市,撤蒙自县，设蒙自市,,3
,,,蒙阴县,山东省,临沂市,蒙阴县,,,3
,,,蒙山县,广西壮族自治区,梧州市,蒙山县,,,3
,,,蒙城县,安徽省,亳州市,蒙城县,,,3
,,,美溪区,黑龙江省,伊春市,美溪区,,,3
,,,美兰区,海南省,海口市,美兰区,,,3
,,,美姑县,四川省,凉山彝族自治州,美姑县,,,3
,,,湄潭县,贵州省,遵义市,湄潭县,,,3
,,,梅县区,广东省,梅州市,梅县区,撤梅县，设梅县区,,3
,,,梅列区,福建省,三明市,梅列区,,,3
,,,梅江区,广东省,梅州市,梅江区,,,3
,,,茂南区,广东省,茂名市,茂南区,,,3
,,,茂港区,广东省,茂名市,茂港区,旧称，现和电白县合并改为：电白区,,3
,,,茅箭区,湖北省,十堰市,茅箭区,,,3
,,,芒康县,西藏自治区,昌都地区,芒康县,,,3
,,,满城县,河北省,保定市,满城县,,,3
,,,麦积区,甘肃省,天水市,麦积区,,,3
,,,玛曲县,甘肃省,甘南藏族自治州,玛曲县,,,3
,,,玛沁县,青海省,果洛藏族自治州,玛沁县,,,3
,,,玛多县,青海省,果洛藏族自治州,玛多县,,,3
,,,马尾区,福建省,福州市,马尾区,,,3
,,,马山县,广西壮族自治区,南宁市,马山县,,,3
,,,马龙县,云南省,曲靖市,马龙县,,,3
,,,马关县,云南省,文山壮族苗族自治州,马关县,,,3
,,,马村区,河南省,焦作市,马村区,,,3
,,,麻章区,广东省,湛江市,麻章区,,,3
,,,麻山区,黑龙江省,鸡西市,麻山区,,,3
,,,麻江县,贵州省,黔东南苗族侗族自治州,麻江县,,,3
,,,麻城市,湖北省,黄冈市,麻城市,,,3
,,,略阳县,陕西省,汉中市,略阳县,,,3
,,,绿园区,吉林省,长春市,绿园区,,,3
,,,绿春县,云南省,红河哈尼族彝族自治州,绿春县,,,3
,,,洛扎县,西藏自治区,山南地区,洛扎县,,,3
,,,洛浦县,新疆维吾尔自治区,和田地区,洛浦县,,,3
,,,洛宁县,河南省,洛阳市,洛宁县,,,3
,,,洛南县,陕西省,商洛市,洛南县,,,3
,,,洛隆县,西藏自治区,昌都地区,洛隆县,,,3
,,,洛龙区,河南省,洛阳市,洛龙区,,,3
,,,洛江区,福建省,泉州市,洛江区,,,3
,,,洛川县,陕西省,延安市,洛川县,,,3
,,,萝岗区,广东省,广州市,萝岗区,,,3
,,,萝北县,黑龙江省,鹤岗市,萝北县,,,3
,,,罗庄区,山东省,临沂市,罗庄区,,,3
,,,罗源县,福建省,福州市,罗源县,,,3
,,,罗田县,湖北省,黄冈市,罗田县,,,3
,,,罗山县,河南省,信阳市,罗山县,,,3
,,,罗平县,云南省,曲靖市,罗平县,,,3
,,,罗江县,四川省,德阳市,罗江县,,,3
,,,罗湖区,广东省,深圳市,罗湖区,,,3
,,,罗定市,广东省,云浮市,罗定市,,,3
,,,罗甸县,贵州省,黔南布依族苗族自治州,罗甸县,,,3
,,,罗城仫佬族自治县,广西壮族自治区,河池市,罗城仫佬族自治县,,,8
,,,轮台县,新疆维吾尔自治区,巴音郭楞蒙古自治州,轮台县,,,3
,,,滦平县,河北省,承德市,滦平县,,,3
,,,滦南县,河北省,唐山市,滦南县,,,3
,,,栾川县,河南省,洛阳市,栾川县,,,3
,,,栾城区,河北省,石家庄市,栾城区,,,3
,,,潞城市,山西省,长治市,潞城市,,,3
,,,路桥区,浙江省,台州市,路桥区,,,3
,,,路南区,河北省,唐山市,路南区,,,3
,,,碌曲县,甘肃省,甘南藏族自治州,碌曲县,,,3
,,,禄丰县,云南省,楚雄彝族自治州,禄丰县,,,3
,,,鹿寨县,广西壮族自治区,柳州市,鹿寨县,,,3
,,,鹿邑县,河南省,周口市,鹿邑县,,,3
,,,鹿泉区,河北省,石家庄市,鹿泉区,,,3
,,,鹿城区,浙江省,温州市,鹿城区,,,3
,,,陆良县,云南省,曲靖市,陆良县,,,3
,,,陆河县,广东省,汕尾市,陆河县,,,3
,,,陆丰市,广东省,汕尾市,陆丰市,,,3
,,,陆川县,广西壮族自治区,玉林市,陆川县,,,3
,,,鲁山县,河南省,平顶山市,鲁山县,,,3
,,,鲁甸县,云南省,昭通市,鲁甸县,,,3
,,,泸溪县,湖南省,湘西土家族苗族自治州,泸溪县,,,3
,,,泸西县,云南省,红河哈尼族彝族自治州,泸西县,,,3
,,,泸水县,云南省,怒江傈僳族自治州,泸水县,,,3
,,,泸定县,四川省,甘孜藏族自治州,泸定县,,,3
,,,炉霍县,四川省,甘孜藏族自治州,炉霍县,,,3
,,,庐阳区,安徽省,合肥市,庐阳区,,,3
,,,庐山区,江西省,九江市,庐山区,,,3
,,,庐江县,安徽省,合肥市,庐江县,,,3
,,,芦溪县,江西省,萍乡市,芦溪县,,,3
,,,芦淞区,湖南省,株洲市,芦淞区,,,3
,,,芦山县,四川省,雅安市,芦山县,,,3
,,,卢氏县,河南省,三门峡市,卢氏县,,,3
,,,卢龙县,河北省,秦皇岛市,卢龙县,,,3
,,,娄星区,湖南省,娄底市,娄星区,,,3
,,,娄烦县,山西省,太原市,娄烦县,,,3
,,,陇西县,甘肃省,定西市,陇西县,,,3
,,,陇川县,云南省,德宏傣族景颇族自治州,陇川县,,,3
,,,隆子县,西藏自治区,山南地区,隆子县,,,3
,,,隆尧县,河北省,邢台市,隆尧县,,,3
,,,隆阳区,云南省,保山市,隆阳区,,,3
,,,隆回县,湖南省,邵阳市,隆回县,,,3
,,,隆化县,河北省,承德市,隆化县,,,3
,,,隆德县,宁夏回族自治区,固原市,隆德县,,,3
,,,隆昌县,四川省,内江市,隆昌县,,,3
,,,隆安县,广西壮族自治区,南宁市,隆安县,,,3
,,,龙州县,广西壮族自治区,崇左市,龙州县,,,3
,,,龙游县,浙江省,衢州市,龙游县,,,3
,,,龙文区,福建省,漳州市,龙文区,,,3
,,,龙圩区,广西壮族自治区,梧州市,龙圩区,,,3
,,,龙湾区,浙江省,温州市,龙湾区,,,3
,,,龙亭区,河南省,开封市,龙亭区,,,3
,,,龙潭区,吉林省,吉林市,龙潭区,,,3
,,,龙山县,湖南省,湘西土家族苗族自治州,龙山县,,,3
,,,龙山区,吉林省,辽源市,龙山区,,,3
,,,龙沙区,黑龙江省,齐齐哈尔市,龙沙区,,,3
,,,龙泉市,浙江省,丽水市,龙泉市,,,3
,,,龙南县,江西省,赣州市,龙南县,,,3
,,,龙门县,广东省,惠州市,龙门县,,,3
,,,龙马潭,四川省,泸州市,龙马潭,,,3
,,,龙陵县,云南省,保山市,龙陵县,,,3
,,,龙里县,贵州省,黔南布依族苗族自治州,龙里县,,,3
,,,龙口市,山东省,烟台市,龙口市,,,3
,,,龙井市,吉林省,延边朝鲜族自治州,龙井市,,,3
,,,龙江县,黑龙江省,齐齐哈尔市,龙江县,,,3
,,,龙华区,海南省,海口市,龙华区,,,3
,,,龙湖区,广东省,汕头市,龙湖区,,,3
,,,龙海市,福建省,漳州市,龙海市,,,3
,,,龙港区,辽宁省,葫芦岛市,龙港区,,,3
,,,龙岗区,广东省,深圳市,龙岗区,,,3
,,,龙凤区,黑龙江省,大庆市,龙凤区,,,3
,,,龙川县,广东省,河源市,龙川县,,,3
,,,龙城区,辽宁省,朝阳市,龙城区,,,3
,,,龙安区,河南省,安阳市,龙安区,,,3
,,,六合区,江苏省,南京市,六合区,,,3
,,,柳南区,广西壮族自治区,柳州市,柳南区,,,3
,,,柳林县,山西省,吕梁市,柳林县,,,3
,,,柳江县,广西壮族自治区,柳州市,柳江县,,,3
,,,柳河县,吉林省,通化市,柳河县,,,3
,,,柳城县,广西壮族自治区,柳州市,柳城县,,,3
,,,柳北区,广西壮族自治区,柳州市,柳北区,,,3
,,,留坝县,陕西省,汉中市,留坝县,,,3
,,,浏阳市,湖南省,长沙市,浏阳市,,,3
,,,岭东区,黑龙江省,双鸭山市,岭东区,,,3
,,,零陵区,湖南省,永州市,零陵区,,,3
,,,陵川县,山西省,晋城市,陵川县,,,3
,,,凌云县,广西壮族自治区,百色市,凌云县,,,3
,,,凌源市,辽宁省,朝阳市,凌源市,,,3
,,,凌河区,辽宁省,锦州市,凌河区,,,3
,,,凌海市,辽宁省,锦州市,凌海市,,,3
,,,灵武市,宁夏回族自治区,银川市,灵武市,,,3
,,,灵台县,甘肃省,平凉市,灵台县,,,3
,,,灵寿县,河北省,石家庄市,灵寿县,,,3
,,,灵石县,山西省,晋中市,灵石县,,,3
,,,灵山县,广西壮族自治区,钦州市,灵山县,,,3
,,,灵丘县,山西省,大同市,灵丘县,,,3
,,,灵川县,广西壮族自治区,桂林市,灵川县,,,3
,,,灵璧县,安徽省,宿州市,灵璧县,,,3
,,,灵宝市,河南省,三门峡市,灵宝市,,,3
,,,麟游县,陕西省,宝鸡市,麟游县,,,3
,,,临淄区,山东省,淄博市,临淄区,,,3
,,,临漳县,河北省,邯郸市,临漳县,,,3
,,,临泽县,甘肃省,张掖市,临泽县,,,3
,,,临颍县,河南省,漯河市,临颍县,,,3
,,,临邑县,山东省,德州市,临邑县,,,3
,,,临猗县,山西省,运城市,临猗县,,,3
,,,临翔区,云南省,临沧市,临翔区,,,3
,,,临湘市,湖南省,岳阳市,临湘市,,,3
,,,临夏县,甘肃省,临夏回族自治州,临夏县,,,3
,,,临夏市,甘肃省,临夏回族自治州,临夏市,,,3
,,,临西县,河北省,邢台市,临西县,,,3
,,,临武县,湖南省,郴州市,临武县,,,3
,,,临渭区,陕西省,渭南市,临渭区,,,3
,,,临潼区,陕西省,西安市,临潼区,,,3
,,,临洮县,甘肃省,定西市,临洮县,,,3
,,,临潭县,甘肃省,甘南藏族自治州,临潭县,,,3
,,,临沭县,山东省,临沂市,临沭县,,,3
,,,临泉县,安徽省,阜阳市,临泉县,,,3
,,,临朐县,山东省,潍坊市,临朐县,,,3
,,,临清市,山东省,聊城市,临清市,,,3
,,,临澧县,湖南省,常德市,临澧县,,,3
,,,临江市,吉林省,白山市,临江市,,,3
,,,临河区,内蒙古自治区,巴彦淖尔市,临河区,,,3
,,,临海市,浙江省,台州市,临海市,,,3
,,,临桂县,广西壮族自治区,桂林市,临桂县,,,3
,,,临桂区,广西壮族自治区,桂林市,临桂区,,,3
,,,临高县,海南省,临高县,临高县,,,3
,,,临川区,江西省,抚州市,临川区,,,3
,,,临城县,河北省,邢台市,临城县,,,3
,,,临安市,浙江省,杭州市,临安市,,,3
,,,林周县,西藏自治区,拉萨市,林周县,,,3
,,,林州市,河南省,安阳市,林州市,,,3
,,,林芝县,西藏自治区,林芝地区,林芝县,,,3
,,,林西县,内蒙古自治区,赤峰市,林西县,,,3
,,,林口县,黑龙江省,牡丹江市,林口县,,,3
,,,林甸县,黑龙江省,大庆市,林甸县,,,3
,,,邻水县,四川省,广安市,邻水县,,,3
,,,烈山区,安徽省,淮北市,烈山区,,,3
,,,辽中县,辽宁省,沈阳市,辽中县,,,3
,,,辽阳县,辽宁省,辽阳市,辽阳县,,,3
,,,两当县,甘肃省,陇南市,两当县,,,3
,,,梁园区,河南省,商丘市,梁园区,,,3
,,,梁山县,山东省,济宁市,梁山县,,,3
,,,梁平县,重庆市,重庆市,梁平县,,,3
,,,梁河县,云南省,德宏傣族景颇族自治州,梁河县,,,3
,,,凉州区,甘肃省,武威市,凉州区,,,3
,,,凉城县,内蒙古自治区,乌兰察布市,凉城县,,,3
,,,良庆区,广西壮族自治区,南宁市,良庆区,,,3
,,,廉江市,广东省,湛江市,廉江市,,,3
,,,涟源市,湖南省,娄底市,涟源市,,,3
,,,涟水县,江苏省,淮安市,涟水县,,,3
,,,莲花县,江西省,萍乡市,莲花县,,,3
,,,莲湖区,陕西省,西安市,莲湖区,,,3
,,,莲都区,浙江省,丽水市,莲都区,,,3
,,,连州市,广东省,清远市,连州市,,,3
,,,连云区,江苏省,连云港市,连云区,,,3
,,,连山区,辽宁省,葫芦岛市,连山区,,,3
,,,连平县,广东省,河源市,连平县,,,3
,,,连江县,福建省,福州市,连江县,,,3
,,,连城县,福建省,龙岩市,连城县,,,3
,,,溧阳市,江苏省,常州市,溧阳市,,,3
,,,溧水区,江苏省,南京市,溧水区,,,3
,,,荔湾区,广东省,广州市,荔湾区,,,3
,,,荔浦县,广西壮族自治区,桂林市,荔浦县,,,3
,,,荔城区,福建省,莆田市,荔城区,,,3
,,,荔波县,贵州省,黔南布依族苗族自治州,荔波县,,,3
,,,利州区,四川省,广元市,利州区,,,3
,,,利辛县,安徽省,亳州市,利辛县,,,3
,,,利通区,宁夏回族自治区,吴忠市,利通区,,,3
,,,利津县,山东省,东营市,利津县,,,3
,,,利川市,湖北省,恩施土家族苗族自治州,利川市,,,3
,,,立山区,辽宁省,鞍山市,立山区,,,3
,,,历下区,山东省,济南市,历下区,,,3
,,,历城区,山东省,济南市,历城区,,,3
,,,醴陵市,湖南省,株洲市,醴陵市,,,3
,,,鲤城区,福建省,泉州市,鲤城区,,,3
,,,理塘县,四川省,甘孜藏族自治州,理塘县,,,3
,,,李沧区,山东省,青岛市,李沧区,,,3
,,,礼泉县,陕西省,咸阳市,礼泉县,,,3
,,,黎平县,贵州省,黔东南苗族侗族自治州,黎平县,,,3
,,,黎川县,江西省,抚州市,黎川县,,,3
,,,黎城县,山西省,长治市,黎城县,,,3
,,,梨树县,吉林省,四平市,梨树县,,,3
,,,梨树区,黑龙江省,鸡西市,梨树区,,,3
,,,离石区,山西省,吕梁市,离石区,,,3
,,,耒阳市,湖南省,衡阳市,耒阳市,,,3
,,,雷州市,广东省,湛江市,雷州市,,,3
,,,雷山县,贵州省,黔东南苗族侗族自治州,雷山县,,,3
,,,雷波县,四川省,凉山彝族自治州,雷波县,,,3
,,,乐至县,四川省,资阳市,乐至县,,,3
,,,乐业县,广西壮族自治区,百色市,乐业县,,,3
,,,乐亭县,河北省,唐山市,乐亭县,,,3
,,,乐清市,浙江省,温州市,乐清市,,,3
,,,乐平市,江西省,景德镇市,乐平市,,,3
,,,乐陵市,山东省,德州市,乐陵市,,,3
,,,乐都区,青海省,海东地区,乐都区,,,3
,,,乐昌市,广东省,韶关市,乐昌市,,,3
,,,乐安县,江西省,抚州市,乐安县,,,3
,,,老城区,河南省,洛阳市,老城区,,,3
,,,老边区,辽宁省,营口市,老边区,,,3
,,,崂山区,山东省,青岛市,崂山区,,,3
,,,琅琊区,安徽省,滁州市,琅琊区,,,3
,,,阆中市,四川省,南充市,阆中县,,,3
,,,阆中县,四川省,南充市,阆中县,,,3
,,,郎溪县,安徽省,宣城市,郎溪县,,,3
,,,蓝田县,陕西省,西安市,蓝田县,,,3
,,,蓝山县,湖南省,永州市,蓝山县,,,3
,,,岚山区,山东省,日照市,岚山区,,,3
,,,岚皋县,陕西省,安康市,岚皋县,,,3
,,,兰溪市,浙江省,金华市,兰溪市,,,3
,,,兰西县,黑龙江省,绥化市,兰西县,,,3
,,,兰山区,山东省,临沂市,兰山区,,,3
,,,兰陵县,山东省,临沂市,兰陵县,,,3
,,,兰考县,河南省,开封市,兰考县,,,3
,,,涞源县,河北省,保定市,涞源县,,,3
,,,涞水县,河北省,保定市,涞水县,,,3
,,,莱州市,山东省,烟台市,莱州市,,,3
,,,莱阳市,山东省,烟台市,莱阳市,,,3
,,,莱西市,山东省,青岛市,莱西市,,,3
,,,莱山区,山东省,烟台市,莱山区,,,3
,,,莱城区,山东省,莱芜市,莱城区,,,3
,,,来凤县,湖北省,恩施土家族苗族自治州,来凤县,,,3
,,,来安县,安徽省,滁州市,来安县,,,3
,,,拉孜县,西藏自治区,日喀则市,拉孜县,,,3
,,,昆山市,江苏省,苏州市,昆山市,,,3
,,,奎文区,山东省,潍坊市,奎文区,,,3
,,,奎屯市,新疆维吾尔自治区,伊犁哈萨克自治州,奎屯市,,,3
,,,宽城区,吉林省,长春市,宽城区,,,3
,,,库伦旗,内蒙古自治区,通辽市,库伦旗,,,3
,,,库车县,新疆维吾尔自治区,阿克苏地区,库车县,,,3
,,,崆峒区,甘肃省,平凉市,崆峒区,,,3
,,,垦利县,山东省,东营市,垦利县,,,3
,,,克山县,黑龙江省,齐齐哈尔市,克山县,,,3
,,,克东县,黑龙江省,齐齐哈尔市,克东县,,,3
,,,岢岚县,山西省,忻州市,岢岚县,,,3
,,,柯桥区,浙江省,绍兴市,柯桥区,,,3
,,,柯坪县,新疆维吾尔自治区,阿克苏地区,柯坪县,,,3
,,,柯城区,浙江省,衢州市,柯城区,,,3
,,,康平县,辽宁省,沈阳市,康平县,,,3
,,,康马县,西藏自治区,日喀则市,康马县,,,3
,,,康乐县,甘肃省,临夏回族自治州,康乐县,,,3
,,,康定县,四川省,甘孜藏族自治州,康定县,,,3
,,,康保县,河北省,张家口市,康保县,,,3
,,,凯里市,贵州省,黔东南苗族侗族自治州,凯里市,,,3
,,,开远市,云南省,红河哈尼族彝族自治州,开远市,,,3
,,,开原市,辽宁省,铁岭市,开原市,,,3
,,,开阳县,贵州省,贵阳市,开阳县,,,3
,,,开平市,广东省,江门市,开平市,,,3
,,,开平区,河北省,唐山市,开平区,,,3
,,,开鲁县,内蒙古自治区,通辽市,开鲁县,,,3
,,,开江县,四川省,达州市,开江县,,,3
,,,开化县,浙江省,衢州市,开化县,,,3
,,,开福区,湖南省,长沙市,开福区,,,3
,,,开封县,河南省,开封市,开封县,,,3
,,,喀什市,新疆维吾尔自治区,喀什地区,喀什市,,,3
,,,筠连县,四川省,宜宾市,筠连县,,,3
,,,君山区,湖南省,岳阳市,君山区,,,3
,,,鄄城县,山东省,菏泽市　　,鄄城县,,,3
,,,句容市,江苏省,镇江市,句容市,,,3
,,,巨野县,山东省,菏泽市　　,巨野县,,,3
,,,巨鹿县,河北省,邢台市,巨鹿县,,,3
,,,莒南县,山东省,临沂市,莒南县,,,3
,,,久治县,青海省,果洛藏族自治州,久治县,,,3
,,,九原区,内蒙古自治区,包头市,九原区,,,3
,,,九台市,吉林省,长春市,九台市,,,3
,,,九龙县,四川省,甘孜藏族自治州,九龙县,,,3
,,,九江县,江西省,九江市,九江县,,,3
,,,鸠江区,安徽省,芜湖市,鸠江区,,,3
,,,镜湖区,安徽省,芜湖市,镜湖区,,,3
,,,静宁县,甘肃省,平凉市,静宁县,,,3
,,,静乐县,山西省,忻州市,静乐县,,,3
,,,静海县,天津,天津市,静海县,,,3
,,,静安区,上海,上海市,静安区,,,3
,,,靖远县,甘肃省,白银市,靖远县,,,3
,,,靖宇县,吉林省,白山市,靖宇县,,,3
,,,靖西县,广西壮族自治区,百色市,靖西县,,,3
,,,靖江市,江苏省,泰州市,靖江市,,,3
,,,靖边县,陕西省,榆林市,靖边县,,,3
,,,靖安县,江西省,宜春市,靖安县,,,3
,,,景泰县,甘肃省,白银市,景泰县,,,3
,,,景洪市,云南省,西双版纳傣族自治州,景洪市,,,3
,,,井研县,四川省,乐山市,井研县,,,3
,,,井陉县,河北省,石家庄市,井陉县,,,3
,,,精河县,新疆维吾尔自治区,博尔塔拉蒙古自治州,精河县,,,3
,,,旌阳区,四川省,德阳市,旌阳区,,,3
,,,旌德县,安徽省,宣城市,旌德县,,,3
,,,荆州区,湖北省,荆州市,荆州区,,,3
,,,泾源县,宁夏回族自治区,固原市,泾源县,,,3
,,,泾阳县,陕西省,咸阳市,泾阳县,,,3
,,,泾川县,甘肃省,平凉市,泾川县,,,3
,,,京山县,湖北省,荆门市,京山县,,,3
,,,京口区,江苏省,镇江市,京口区,,,3
,,,缙云县,浙江省,丽水市,缙云县,,,3
,,,晋州市,河北省,石家庄市,晋州市,,,3
,,,晋源区,山西省,太原市,晋源区,,,3
,,,晋宁县,云南省,昆明市,晋宁县,,,3
,,,晋江市,福建省,泉州市,晋江市,,,3
,,,晋安区,福建省,福州市,晋安区,,,3
,,,进贤县,江西省,南昌市,进贤县,,,3
,,,锦屏县,贵州省,黔东南苗族侗族自治州,锦屏县,,,3
,,,锦江区,四川省,成都市,锦江区,,,3
,,,津市市,湖南省,常德市,津市市,,,3
,,,津南区,天津,天津市,津南区,,,3
,,,金州区,辽宁省,大连市,金州区,,,3
,,,金寨县,安徽省,六安市,金寨县,,,3
,,,金阳县,四川省,凉山彝族自治州,金阳县,,,3
,,,金乡县,山东省,济宁市,金乡县,,,3
,,,金溪县,江西省,抚州市,金溪县,,,3
,,,金湾区,广东省,珠海市,金湾区,,,3
,,,金堂县,四川省,成都市,金堂县,,,3
,,,金坛市,江苏省,常州市,金坛市,,,3
,,,金台区,陕西省,宝鸡市,金台区,,,3
,,,金塔县,甘肃省,酒泉市,金塔县,,,3
,,,金水区,河南省,郑州市,金水区,,,3
,,,金山区,上海,上海市,金山区,,,3
,,,金平区,广东省,汕头市,金平区,,,3
,,,金牛区,四川省,成都市,金牛区,,,3
,,,金明区,河南省,开封市,金明区,,,3
,,,金门县,福建省,泉州市,金门县,,,3
,,,金湖县,江苏省,淮安市,金湖县,,,3
,,,金凤区,宁夏回族自治区,银川市,金凤区,,,3
,,,金东区,浙江省,金华市,金东区,,,3
,,,金川区,甘肃省,金昌市,金川区,,,3
,,,金川县,四川省,阿坝藏族羌族自治州,金川县,,,3
,,,金安区,安徽省,六安市,金安区,,,3
,,,界首市,安徽省,阜阳市,界首市,,,3
,,,介休市,山西省,晋中市,介休市,,,3
,,,解放区,河南省,焦作市,解放区,,,3
,,,揭西县,广东省,揭阳市,揭西县,,,3
,,,揭东县,广东省,揭阳市,揭东县,,,3
,,,蕉岭县,广东省,梅州市,蕉岭县,,,3
,,,蕉城区,福建省,宁德市,蕉城区,,,3
,,,蛟河市,吉林省,吉林市,蛟河市,,,3
,,,椒江区,浙江省,台州市,椒江区,,,3
,,,胶州市,山东省,青岛市,胶州市,,,3
,,,交口县,山西省,吕梁市,交口县,,,3
,,,交城县,山西省,吕梁市,交城县,,,3
,,,姜堰区,江苏省,泰州市,姜堰区,,,3
,,,将乐县,福建省,三明市,将乐县,,,3
,,,江孜县,西藏自治区,日喀则市,江孜县,,,3
,,,江州区,广西壮族自治区,崇左市,江州区,,,3
,,,江源区,吉林省,白山市,江源区,,,3
,,,江油市,四川省,绵阳市,江油市,,,3
,,,江永县,湖南省,永州市,江永县,,,3
,,,江阴市,江苏省,无锡市,江阴市,,,3
,,,江阳区,四川省,泸州市,江阳区,,,3
,,,江夏区,湖北省,武汉市,江夏区,,,3
,,,江山市,浙江省,衢州市,江山市,,,3
,,,江宁区,江苏省,南京市,江宁区,,,3
,,,江南区,广西壮族自治区,南宁市,江南区,,,3
,,,江陵县,湖北省,荆州市,江陵县,,,3
,,,江口县,贵州省,铜仁地区,江口县,,,3
,,,江津区,重庆市,重庆市,江津区,,,3
,,,江汉区,湖北省,武汉市,江汉区,,,3
,,,江海区,广东省,江门市,江海区,,,3
,,,江干区,浙江省,杭州市,江干区,,,3
,,,江都区,江苏省,扬州市,江都区,,,3
,,,江东区,浙江省,宁波市,江东区,,,3
,,,江达县,西藏自治区,昌都地区,江达县,,,3
,,,江川县,云南省,玉溪市,江川县,,,3
,,,江城区,广东省,阳江市,江城区,,,3
,,,江北区,浙江省,宁波市,江北区,,,3
,,,江北区,重庆市,重庆市,江北区,,,3
,,,江岸区,湖北省,武汉市,江岸区,,,3
,,,江安县,四川省,宜宾市,江安县,,,3
,,,涧西区,河南省,洛阳市,涧西区,,,3
,,,剑河县,贵州省,黔东南苗族侗族自治州,剑河县,,,3
,,,剑阁县,四川省,广元市,剑阁县,,,3
,,,剑川县,云南省,大理白族自治州,剑川县,,,3
,,,建邺区,江苏省,南京市,建邺区,,,3
,,,建阳区,福建省,南平市,建阳区,,,3
,,,建水县,云南省,红河哈尼族彝族自治州,建水县,,,3
,,,建始县,湖北省,恩施土家族苗族自治州,建始县,,,3
,,,建平县,辽宁省,朝阳市,建平县,,,3
,,,建瓯市,福建省,南平市,建瓯市,,,3
,,,建宁县,福建省,三明市,建宁县,,,3
,,,建华区,黑龙江省,齐齐哈尔市,建华区,,,3
,,,建湖县,江苏省,盐城市,建湖县,,,3
,,,建德市,浙江省,杭州市,建德市,,,3
,,,建昌县,辽宁省,葫芦岛市,建昌县,,,3
,,,简阳市,四川省,资阳市,简阳市,,,3
,,,犍为县,四川省,乐山市,犍为县,,,3
,,,监利县,湖北省,荆州市,监利县,,,3
,,,尖扎县,青海省,黄南藏族自治州,尖扎县,,,3
,,,尖山区,黑龙江省,双鸭山市,尖山区,,,3
,,,贾汪区,江苏省,徐州市,贾汪区,,,3
,,,夹江县,四川省,乐山市,夹江县,,,3
,,,嘉鱼县,湖北省,咸宁市,嘉鱼县,,,3
,,,嘉荫县,黑龙江省,伊春市,嘉荫县,,,3
,,,嘉祥县,山东省,济宁市,嘉祥县,,,3
,,,嘉善县,浙江省,嘉兴市,嘉善县,,,3
,,,嘉陵区,四川省,南充市,嘉陵区,,,3
,,,嘉黎县,西藏自治区,那曲地区,嘉黎县,,,3
,,,嘉禾县,湖南省,郴州市,嘉禾县,,,3
,,,嘉定区,上海,上海市,嘉定区,,,3
,,,加查县,西藏自治区,山南地区,加查县,,,3
,,,冀州市,河北省,衡水市,冀州市,,,3
,,,稷山县,山西省,运城市,稷山县,,,3
,,,绩溪县,安徽省,宣城市,绩溪县,,,3
,,,济源市,河南省,省直辖,济源市,,,3
,,,济阳县,山东省,济南市,济阳县,,,3
,,,集贤县,黑龙江省,双鸭山市,集贤县,,,3
,,,集宁区,内蒙古自治区,乌兰察布市,集宁区,,,3
,,,集美区,福建省,厦门市,集美区,,,3
,,,集安市,吉林省,通化市,集安市,,,3
,,,即墨市,山东省,青岛市,即墨市,,,3
,,,吉州区,江西省,吉安市,吉州区,,,3
,,,吉阳区,海南省,三亚市,吉阳区,,,3
,,,安吉县,浙江省,湖州市,安吉县,,,3
,,,吉水县,江西省,吉安市,吉水县,,,3
,,,吉首市,湖南省,湘西土家族苗族自治州,吉首市,,,3
,,,吉隆县,西藏自治区,日喀则市,吉隆县,,,3
,,,吉利区,河南省,洛阳市,吉利区,,,3
,,,吉安县,江西省,吉安市,吉安县,,,3
,,,鸡泽县,河北省,邯郸市,鸡泽县,,,3
,,,鸡冠区,黑龙江省,鸡西市,鸡冠区,,,3
,,,鸡东县,黑龙江省,鸡西市,鸡东县,,,3
,,,霍州市,山西省,临汾市,霍州市,,,3
,,,霍山县,安徽省,六安市,霍山县,,,3
,,,霍邱县,安徽省,六安市,霍邱县,,,3
,,,霍城县,新疆维吾尔自治区,伊犁哈萨克自治州,霍城县,,,3
,,,获嘉县,河南省,新乡市,获嘉县,,,3
,,,浑源县,山西省,大同市,浑源县,,,3
,,,浑南区,辽宁省,沈阳市,浑南区,,,3
,,,浑江区,吉林省,白山市,浑江区,撤八道江区，设浑江区,,3
,,,惠阳区,广东省,惠州市,惠阳区,,,3
,,,惠水县,贵州省,黔南布依族苗族自治州,惠水县,,,3
,,,惠山区,江苏省,无锡市,惠山区,,,3
,,,惠农区,宁夏回族自治区,石嘴山市,惠农区,,,3
,,,惠民县,山东省,滨州市,惠民县,,,3
,,,惠来县,广东省,揭阳市,惠来县,,,3
,,,惠济区,河南省,郑州市,惠济区,,,3
,,,惠东县,广东省,惠州市,惠东县,,,3
,,,惠城区,广东省,惠州市,惠城区,,,3
,,,惠安县,福建省,泉州市,惠安县,,,3
,,,会泽县,云南省,曲靖市,会泽县,,,3
,,,会同县,湖南省,怀化市,会同县,,,3
,,,会宁县,甘肃省,白银市,会宁县,,,3
,,,会理县,四川省,凉山彝族自治州,会理县,,,3
,,,会东县,四川省,凉山彝族自治州,会东县,,,3
,,,会昌县,江西省,赣州市,会昌县,,,3
,,,汇川区,贵州省,遵义市,汇川区,,,3
,,,回民区,内蒙古自治区,呼和浩特市,回民区,,,3
,,,徽州区,安徽省,黄山市,徽州区,,,3
,,,辉县市,河南省,新乡市,辉县市,,,3
,,,辉南县,吉林省,通化市,辉南县,,,3
,,,珲春市,吉林省,延边朝鲜族自治州,珲春市,,,3
,,,潢川县,河南省,信阳市,潢川县,,,3
,,,湟中县,青海省,西宁市,湟中县,,,3
,,,湟源县,青海省,西宁市,湟源县,,,3
,,,黄州区,湖北省,黄冈市,黄州区,,,3
,,,黄岩区,浙江省,台州市,黄岩区,,,3
,,,黄山区,安徽省,黄山市,黄山区,,,3
,,,黄浦区,上海,上海市,黄浦区,,,3
,,,黄埔区,广东省,广州市,黄埔区,,,3
,,,黄平县,贵州省,黔东南苗族侗族自治州,黄平县,,,3
,,,黄龙县,陕西省,延安市,黄龙县,,,3
,,,黄陵县,陕西省,延安市,黄陵县,,,3
,,,黄骅市,河北省,沧州市,黄骅市,,,3
,,,黄岛区,山东省,青岛市,黄岛区,,,3
,,,黄陂区,湖北省,武汉市,黄陂区,,,3
,,,皇姑区,辽宁省,沈阳市,皇姑区,,,3
,,,桓台县,山东省,淄博市,桓台县,,,3
,,,环江县,广西壮族自治区,河池市,环江毛南族自治县,,,3
,,,环翠区,山东省,威海市,环翠区,,,3
,,,槐荫区,山东省,济南市,槐荫区,,,3
,,,淮阴区,江苏省,淮安市,淮阴区,,,3
,,,淮阳县,河南省,周口市,淮阳县,,,3
,,,淮上区,安徽省,蚌埠市,淮上区,,,3
,,,淮滨县,河南省,信阳市,淮滨县,,,3
,,,淮安区,江苏省,淮安市,淮安区,,,3
,,,怀远县,安徽省,蚌埠市,怀远县,,,3
,,,怀柔区,北京市,北京市,怀柔区,,,3
,,,怀仁县,山西省,朔州市,怀仁县,,,3
,,,怀宁县,安徽省,安庆市,怀宁县,,,3
,,,怀来县,河北省,张家口市,怀来县,,,3
,,,怀集县,广东省,肇庆市,怀集县,,,3
,,,怀安县,河北省,张家口市,怀安县,,,3
,,,桦南县,黑龙江省,佳木斯市,桦南县,,,3
,,,桦甸市,吉林省,吉林市,桦甸市,,,3
,,,桦川县,黑龙江省,佳木斯市,桦川县,,,3
,,,化州市,广东省,茂名市,化州市,,,3
,,,化隆县,青海省,海东地区,化隆回族自治县,,,3
,,,化德县,内蒙古自治区,乌兰察布市,化德县,,,3
,,,华蓥市,四川省,广安市,华蓥市,,,3
,,,华阴市,陕西省,渭南市,华阴市,,,3
,,,华亭县,甘肃省,平凉市,华亭县,,,3
,,,华容县,湖南省,岳阳市,华容县,,,3
,,,华容区,湖北省,鄂州市,华容区,,,3
,,,华坪县,云南省,丽江市,华坪县,,,3
,,,华宁县,云南省,玉溪市,华宁县,,,3
,,,华龙区,河南省,濮阳市,华龙区,,,3
,,,华池县,甘肃省,庆阳市,华池县,,,3
,,,华安县,福建省,漳州市,华安县,,,3
,,,花垣县,湖南省,湘西土家族苗族自治州,花垣县,,,3
,,,花溪区,贵州省,贵阳市,花溪区,,,3
,,,花都区,广东省,广州市,花都区,,,3
,,,互助县,青海省,海东地区,互助土族自治县,,,3
,,,虎丘区,江苏省,苏州市,虎丘区,,,3
,,,虎林市,黑龙江省,鸡西市,虎林市,,,3
,,,湖里区,福建省,厦门市,湖里区,,,3
,,,湖口县,江西省,九江市,湖口县,,,3
,,,湖滨区,河南省,三门峡市,湖滨区,,,3
,,,壶关县,山西省,长治市,壶关县,,,3
,,,呼中区,黑龙江省,大兴安岭地区,呼中区,,,3
,,,呼玛县,黑龙江省,大兴安岭地区,呼玛县,,,3
,,,呼兰区,黑龙江省,哈尔滨市,呼兰区,,,3
,,,侯马市,山西省,临汾市,侯马市,,,3
,,,洪泽县,江苏省,淮安市,洪泽县,,,3
,,,洪雅县,四川省,眉山市,洪雅县,,,3
,,,洪山区,湖北省,武汉市,洪山区,,,3
,,,洪江区,湖南省,怀化市,洪江区,,,3
,,,洪湖市,湖北省,荆州市,洪湖市,,,3
,,,洪洞县,山西省,临汾市,洪洞县,,,3
,,,虹口区,上海,上海市,虹口区,,,3
,,,宏伟区,辽宁省,辽阳市,宏伟区,,,3
,,,红原县,四川省,阿坝藏族羌族自治州,红原县,,,3
,,,红星区,黑龙江省,伊春市,红星区,,,3
,,,红塔区,云南省,玉溪市,红塔区,,,3
,,,红山区,内蒙古自治区,赤峰市,红山区,,,3
,,,红桥区,天津,天津市,红桥区,,,3
,,,红旗区,河南省,新乡市,红旗区,,,3
,,,红河县,云南省,红河哈尼族彝族自治州,红河县,,,3
,,,红古区,甘肃省,兰州市,红古区,,,3
,,,红岗区,黑龙江省,大庆市,红岗区,,,3
,,,红安县,湖北省,黄冈市,红安县,,,3
,,,衡阳县,湖南省,衡阳市,衡阳县,,,3
,,,衡山县,湖南省,衡阳市,衡山县,,,3
,,,衡南县,湖南省,衡阳市,衡南县,,,3
,,,衡东县,湖南省,衡阳市,衡东县,,,3
,,,横山县,陕西省,榆林市,横山县,,,3
,,,横峰县,江西省,上饶市,横峰县,,,3
,,,恒山区,黑龙江省,鸡西市,恒山区,,,3
,,,黑水县,四川省,阿坝藏族羌族自治州,黑水县,,,3
,,,黑山县,辽宁省,锦州市,黑山县,,,3
,,,鹤山市,广东省,江门市,鹤山市,,,3
,,,鹤山区,河南省,鹤壁市,鹤山区,,,3
,,,鹤庆县,云南省,大理白族自治州,鹤庆县,,,3
,,,鹤峰县,湖北省,恩施土家族苗族自治州,鹤峰县,,,3
,,,鹤城区,湖南省,怀化市,鹤城区,,,3
,,,赫章县,贵州省,毕节地区,赫章县,,,3
,,,赫山区,湖南省,益阳市,赫山区,,,3
,,,贺兰县,宁夏回族自治区,银川市,贺兰县,,,3
,,,荷塘区,湖南省,株洲市,荷塘区,,,3
,,,河西区,天津,天津市,河西区,,,3
,,,河曲县,山西省,忻州市,河曲县,,,3
,,,河南县,青海省,黄南藏族自治州,河南蒙古族自治县,,,3
,,,河口区,山东省,东营市,河口区,,,3
,,,河津市,山西省,运城市,河津市,,,3
,,,河间市,河北省,沧州市,河间市,,,3
,,,河东区,天津,天津市,河东区,,,3
,,,河东区,山东省,临沂市,河东区,,,3
,,,河北区,天津,天津市,河北区,,,3
,,,和政县,甘肃省,临夏回族自治州,和政县,,,3
,,,和田县,新疆维吾尔自治区,和田地区,和田县,,,3
,,,和田市,新疆维吾尔自治区,和田地区,和田市,,,3
,,,和硕县,新疆维吾尔自治区,巴音郭楞蒙古自治州,和硕县,,,3
,,,和顺县,山西省,晋中市,和顺县,,,3
,,,和平县,广东省,河源市,和平县,,,3
,,,和平区,辽宁省,沈阳市,和平区,,,3
,,,和平区,天津,天津市,和平区,,,3
,,,和龙市,吉林省,延边朝鲜族自治州,和龙市,,,3
,,,和静县,新疆维吾尔自治区,巴音郭楞蒙古自治州,和静县,,,3
,,,合作市,甘肃省,甘南藏族自治州,合作市,,,3
,,,合阳县,陕西省,渭南市,合阳县,,,3
,,,合水县,甘肃省,庆阳市,合水县,,,3
,,,合山市,广西壮族自治区,来宾市,合山市,,,3
,,,合浦县,广西壮族自治区,北海市,合浦县,,,3
,,,合江县,四川省,泸州市,合江县,,,3
,,,合川区,重庆市,重庆市,合川区,,,3
,,,濠江区,广东省,汕头市,濠江区,,,3
,,,杭锦旗,内蒙古自治区,鄂尔多斯市,杭锦旗,,,3
,,,行唐县,河北省,石家庄市,行唐县,,,3
,,,汉源县,四川省,雅安市,汉源县,,,3
,,,汉阴县,陕西省,安康市,汉阴县,,,3
,,,汉阳区,湖北省,武汉市,汉阳区,,,3
,,,汉台区,陕西省,汉中市,汉台区,,,3
,,,汉寿县,湖南省,常德市,汉寿县,,,3
,,,汉南区,湖北省,武汉市,汉南区,,,3
,,,汉川市,湖北省,孝感市,汉川市,,,3
,,,汉滨区,陕西省,安康市,汉滨区,,,3
,,,寒亭区,山东省,潍坊市,寒亭区,,,3
,,,韩城市,陕西省,渭南市,韩城市,,,3
,,,涵江区,福建省,莆田市,涵江区,,,3
,,,含山县,安徽省,马鞍山市,含山县,,,3
,,,邯山区,河北省,邯郸市,邯山区,,,3
,,,邯郸县,河北省,邯郸市,邯郸县,,,3
,,,邗江区,江苏省,扬州市,邗江区,,,3
,,,海珠区,广东省,广州市,海珠区,,,3
,,,海州区,辽宁省,阜新市,海州区,,,3
,,,海州区,江苏省,连云港市,海州区,,,3
,,,海原县,宁夏回族自治区,中卫市,海原县,,,3
,,,海阳市,山东省,烟台市,海阳市,,,3
,,,海晏县,青海省,海北藏族自治州,海晏县,,,3
,,,海盐县,浙江省,嘉兴市,海盐县,,,3
,,,海兴县,河北省,沧州市,海兴县,,,3
,,,海棠区,海南省,三亚市,海棠区,,,3
,,,海曙区,浙江省,宁波市,海曙区,,,3
,,,海宁市,浙江省,嘉兴市,海宁市,,,3
,,,海南区,内蒙古自治区,乌海市,海南区,,,3
,,,海门市,江苏省,南通市,海门市,,,3
,,,海伦市,黑龙江省,绥化市,海伦市,,,3
,,,海陵区,江苏省,泰州市,海陵区,,,3
,,,海林市,黑龙江省,牡丹江市,海林市,,,3
,,,海港区,河北省,秦皇岛市,海港区,,,3
,,,海丰县,广东省,汕尾市,海丰县,,,3
,,,海淀区,北京市,北京市,海淀区,,,3
,,,海城市,辽宁省,鞍山市,海城市,,,3
,,,海城区,广西壮族自治区,北海市,海城区,,,3
,,,海沧区,福建省,厦门市,海沧区,,,3
,,,海安县,江苏省,南通市,海安县,,,3
,,,哈密市,新疆维吾尔自治区,哈密地区,哈密市,,,3
,,,桂阳县,湖南省,郴州市,桂阳县,,,3
,,,桂平市,广西壮族自治区,贵港市　　,桂平市,,,3
,,,桂东县,湖南省,郴州市,桂东县,,,3
,,,贵溪市,江西省,鹰潭市,贵溪市,,,3
,,,贵南县,青海省,海南藏族自治州,贵南县,,,3
,,,贵定县,贵州省,黔南布依族苗族自治州,贵定县,,,3
,,,贵德县,青海省,海南藏族自治州,贵德县,,,3
,,,贵池区,安徽省,池州市,贵池区,,,3
,,,广宗县,河北省,邢台市,广宗县,,,3
,,,广阳区,河北省,廊坊市,广阳区,,,3
,,,广水市,湖北省,随州市,广水市,,,3
,,,广饶县,山东省,东营市,广饶县,,,3
,,,广平县,河北省,邯郸市,广平县,,,3
,,,广宁县,广东省,肇庆市,广宁县,,,3
,,,广南县,云南省,文山壮族苗族自治州,广南县,,,3
,,,广陵区,江苏省,扬州市,广陵区,,,3
,,,广灵县,山西省,大同市,广灵县,,,3
,,,广河县,甘肃省,临夏回族自治州,广河县,,,3
,,,广汉市,四川省,德阳市,广汉市,,,3
,,,广丰县,江西省,上饶市,广丰县,,,3
,,,广德县,安徽省,宣城市,广德县,,,3
,,,广昌县,江西省,抚州市,广昌县,,,3
,,,广安区,四川省,广安市,广安区,,,3
,,,光泽县,福建省,南平市,光泽县,,,3
,,,光山县,河南省,信阳市,光山县,,,3
,,,灌云县,江苏省,连云港市,灌云县,,,3
,,,灌阳县,广西壮族自治区,桂林市,灌阳县,,,3
,,,灌南县,江苏省,连云港市,灌南县,,,3
,,,馆陶县,河北省,邯郸市,馆陶县,,,3
,,,官渡区,云南省,昆明市,官渡区,,,3
,,,瓜州县,甘肃省,酒泉市,瓜州县,,,3
,,,故城县,河北省,衡水市,故城县,,,3
,,,固镇县,安徽省,蚌埠市,固镇县,,,3
,,,固阳县,内蒙古自治区,包头市,固阳县,,,3
,,,固始县,河南省,信阳市,固始县,,,3
,,,固安县,河北省,廊坊市,固安县,,,3
,,,鼓楼区,江苏省,南京市,鼓楼区,,,3
,,,鼓楼区,江苏省,徐州市,鼓楼区,,,3
,,,鼓楼区,福建省,福州市,鼓楼区,,,3
,,,鼓楼区,河南省,开封市,鼓楼区,,,3
,,,谷城县,湖北省,襄阳市,谷城县,,,3
,,,古丈县,湖南省,湘西土家族苗族自治州,古丈县,,,3
,,,古冶区,河北省,唐山市,古冶区,,,3
,,,古田县,福建省,宁德市,古田县,,,3
,,,古塔区,辽宁省,锦州市,古塔区,,,3
,,,古蔺县,四川省,泸州市,古蔺县,,,3
,,,古浪县,甘肃省,武威市,古浪县,,,3
,,,古交市,山西省,太原市,古交市,,,3
,,,古城区,云南省,丽江市,古城区,,,3
,,,姑苏区,江苏省,苏州市,姑苏区,,,3
,,,沽源县,河北省,张家口市,沽源县,,,3
,,,贡井区,四川省,自贡市,贡井区,,,3
,,,贡觉县,西藏自治区,昌都地区,贡觉县,,,3
,,,贡嘎县,西藏自治区,山南地区,贡嘎县,,,3
,,,共和县,青海省,海南藏族自治州,共和县,,,3
,,,拱墅区,浙江省,杭州市,拱墅区,,,3
,,,巩义市,河南省,郑州市,巩义市,,,3
,,,巩留县,新疆维吾尔自治区,伊犁哈萨克自治州,巩留县,,,3
,,,公安县,湖北省,荆州市,公安县,,,3
,,,工农区,黑龙江省,鹤岗市,工农区,,,3
,,,根河市,内蒙古自治区,呼伦贝尔市,根河市,,,3
,,,个旧市,云南省,红河哈尼族彝族自治州,个旧市,,,3
,,,革吉县,西藏自治区,阿里地区,革吉县,,,3
,,,藁城区,河北省,石家庄市,藁城区,,,3
,,,高州市,广东省,茂名市,高州市,,,3
,,,高邮市,江苏省,扬州市,高邮市,,,3
,,,高邑县,河北省,石家庄市,高邑县,,,3
,,,高要市,广东省,肇庆市,高要市,,,3
,,,高阳县,河北省,保定市,高阳县,,,3
,,,高唐县,山东省,聊城市,高唐县,,,3
,,,高台县,甘肃省,张掖市,高台县,,,3
,,,高青县,山东省,淄博市,高青县,,,3
,,,高坪区,四川省,南充市,高坪区,,,3
,,,高平市,山西省,晋城市,高平市,,,3
,,,高明区,广东省,佛山市,高明区,,,3
,,,高密市,山东省,潍坊市,高密市,,,3
,,,高陵县,陕西省,西安市,高陵县,,,3
,,,高港区,江苏省,泰州市,高港区,,,3
,,,高淳区,江苏省,南京市,高淳区,,,3
,,,高安市,江西省,宜春市,高安市,,,3
,,,皋兰县,甘肃省,兰州市,皋兰县,,,3
,,,港闸区,江苏省,南通市,港闸区,,,3
,,,港南区,广西壮族自治区,贵港市　　,港南区,,,3
,,,港口区,广西壮族自治区,防城港市　　,港口区,,,3
,,,港北区,广西壮族自治区,贵港市　　,港北区,,,3
,,,岗巴县,西藏自治区,日喀则市,岗巴县,,,3
,,,钢城区,山东省,莱芜市,钢城区,,,3
,,,刚察县,青海省,海北藏族自治州,刚察县,,,3
,,,赣榆区,江苏省,连云港市,赣榆区,,,3
,,,甘孜县,四川省,甘孜藏族自治州,甘孜县,,,3
,,,甘州区,甘肃省,张掖市,甘州区,,,3
,,,甘泉县,陕西省,延安市,甘泉县,,,3
,,,甘南县,黑龙江省,齐齐哈尔市,甘南县,,,3
,,,甘洛县,四川省,凉山彝族自治州,甘洛县,,,3
,,,甘谷县,甘肃省,天水市,甘谷县,,,3
,,,甘德县,青海省,果洛藏族自治州,甘德县,,,3
,,,盖州市,辽宁省,营口市,盖州市,,,3
,,,改则县,西藏自治区,阿里地区,改则县,,,3
,,,噶尔县,西藏自治区,阿里地区,噶尔县,,,3
,,,伽师县,新疆维吾尔自治区,喀什地区,伽师县,,,3
,,,富蕴县,新疆维吾尔自治区,阿勒泰地区,富蕴县,,,3
,,,富源县,云南省,曲靖市,富源县,,,3
,,,富裕县,黑龙江省,齐齐哈尔市,富裕县,,,3
,,,富阳市,浙江省,杭州市,富阳市,,,3
,,,富顺县,四川省,自贡市,富顺县,,,3
,,,富平县,陕西省,渭南市,富平县,,,3
,,,富宁县,云南省,文山壮族苗族自治州,富宁县,,,3
,,,富民县,云南省,昆明市,富民县,,,3
,,,富锦市,黑龙江省,佳木斯市,富锦市,,,3
,,,复兴区,河北省,邯郸市,复兴区,,,3
,,,阜平县,河北省,保定市,阜平县,,,3
,,,阜宁县,江苏省,盐城市,阜宁县,,,3
,,,阜南县,安徽省,阜阳市,阜南县,,,3
,,,阜康市,新疆维吾尔自治区,昌吉回族自治州,阜康市,,,3
,,,阜城县,河北省,衡水市,阜城县,,,3
,,,府谷县,陕西省,榆林市,府谷县,,,3
,,,抚远县,黑龙江省,佳木斯市,抚远县,,,3
,,,抚松县,吉林省,白山市,抚松县,,,3
,,,抚顺县,辽宁省,抚顺市,抚顺县,,,3
,,,抚宁县,河北省,秦皇岛市,抚宁县,,,3
,,,福田区,广东省,深圳市,福田区,,,3
,,,福山区,山东省,烟台市,福山区,,,3
,,,福泉市,贵州省,黔南布依族苗族自治州,福泉市,,,3
,,,福清市,福建省,福州市,福清市,,,3
,,,福绵区,广西壮族自治区,玉林市,福绵区,,,3
,,,福海县,新疆维吾尔自治区,阿勒泰地区,福海县,,,3
,,,福贡县,云南省,怒江傈僳族自治州,福贡县,,,3
,,,福鼎市,福建省,宁德市,福鼎市,,,3
,,,福安市,福建省,宁德市,福安市,,,3
,,,涪陵区,重庆市,重庆市,涪陵区,,,3
,,,涪城区,四川省,绵阳市,涪城区,,,3
,,,浮山县,山西省,临汾市,浮山县,,,3
,,,浮梁县,江西省,景德镇市,浮梁县,,,3
,,,芙蓉区,湖南省,长沙市,芙蓉区,,,3
,,,扶余市,吉林省,松原市,扶余市,,,3
,,,扶绥县,广西壮族自治区,崇左市,扶绥县,,,3
,,,扶沟县,河南省,周口市,扶沟县,,,3
,,,扶风县,陕西省,宝鸡市,扶风县,,,3
,,,佛坪县,陕西省,汉中市,佛坪县,,,3
,,,佛冈县,广东省,清远市,佛冈县,,,3
,,,奉新县,江西省,宜春市,奉新县,,,3
,,,奉贤区,上海,上海市,奉贤区,,,3
,,,奉节县,四川省,成都市,奉节县,,,3
,,,奉节县,重庆市,重庆市,奉节县,,,3
,,,奉化市,浙江省,宁波市,奉化市,,,3
,,,凤阳县,安徽省,滁州市,凤阳县,,,3
,,,凤翔县,陕西省,宝鸡市,凤翔县,,,3
,,,凤台县,安徽省,淮南市,凤台县,,,3
,,,凤山县,广西壮族自治区,河池市,凤山县,,,3
,,,凤泉区,河南省,新乡市,凤泉区,,,3
,,,凤庆县,云南省,临沧市,凤庆县,,,3
,,,凤凰县,湖南省,湘西土家族苗族自治州,凤凰县,,,3
,,,凤冈县,贵州省,遵义市,凤冈县,,,3
,,,凤城市,辽宁省,丹东市,凤城市,,,3
,,,封丘县,河南省,新乡市,封丘县,,,3
,,,封开县,广东省,肇庆市,封开县,,,3
,,,丰镇市,内蒙古自治区,乌兰察布市,丰镇市,,,3
,,,丰泽区,福建省,泉州市,丰泽区,,,3
,,,丰台区,北京市,北京市,丰台区,,,3
,,,丰顺县,广东省,梅州市,丰顺县,,,3
,,,丰润区,河北省,唐山市,丰润区,,,3
,,,丰南区,河北省,唐山市,丰南区,,,3
,,,丰满区,吉林省,吉林市,丰满区,,,3
,,,丰都县,四川省,成都市,丰都县,,,3
,,,丰都县,重庆市,重庆市,丰都县,,,3
,,,丰城市,江西省,宜春市,丰城市,,,3
,,,汾阳市,山西省,吕梁市,汾阳市,,,3
,,,汾西县,山西省,临汾市,汾西县,,,3
,,,分宜县,江西省,新余市,分宜县,,,3
,,,肥乡县,河北省,邯郸市,肥乡县,,,3
,,,肥西县,安徽省,合肥市,肥西县,,,3
,,,肥东县,安徽省,合肥市,肥东县,,,3
,,,肥城市,山东省,泰安市,肥城市,,,3
,,,房山区,北京市,北京市,房山区,,,3
,,,防城区,广西壮族自治区,防城港市　　,防城区,,,3
,,,坊子区,山东省,潍坊市,坊子区,,,3
,,,方正县,黑龙江省,哈尔滨市,方正县,,,3
,,,方山县,山西省,吕梁市,方山县,,,3
,,,方城县,河南省,南阳市,方城县,,,3
,,,繁峙县,山西省,忻州市,繁峙县,,,3
,,,繁昌县,安徽省,芜湖市,繁昌县,,,3
,,,樊城区,湖北省,襄阳市,樊城区,,,3
,,,番禺区,广东省,广州市,番禺区,,,3
,,,法库县,辽宁省,沈阳市,法库县,,,3
,,,二七区,河南省,郑州市,二七区,,,3
,,,二道区,吉林省,长春市,二道区,,,3
,,,洱源县,云南省,大理白族自治州,洱源县,,,3
,,,恩阳区,四川省,巴中市,恩阳区,,,3
,,,恩施市,湖北省,恩施土家族苗族自治州,恩施市,,,3
,,,恩平市,广东省,江门市,恩平市,,,3
,,,鄂城区,湖北省,鄂州市,鄂城区,,,3
,,,额敏县,新疆维吾尔自治区,塔城地区,额敏县,,,3
,,,掇刀区,湖北省,荆门市,掇刀区,,,3
,,,多伦县,内蒙古自治区,锡林郭勒盟,多伦县,,,3
,,,敦煌市,甘肃省,酒泉市,敦煌市,,,3
,,,敦化市,吉林省,延边朝鲜族自治州,敦化市,,,3
,,,端州区,广东省,肇庆市,端州区,,,3
,,,杜集区,安徽省,淮北市,杜集区,,,3
,,,独山县,贵州省,黔南布依族苗族自治州,独山县,,,3
,,,斗门区,广东省,珠海市,斗门区,,,3
,,,都匀市,贵州省,黔南布依族苗族自治州,都匀市,,,3
,,,都兰县,青海省,海西蒙古族藏族自治州,都兰县,,,3
,,,都昌县,江西省,九江市,都昌县,,,3
,,,洞头县,浙江省,温州市,洞头县,,,3
,,,洞口县,湖南省,邵阳市,洞口县,,,3
,,,东洲区,辽宁省,抚顺市,东洲区,,,3
,,,东至县,安徽省,池州市,东至县,,,3
,,,东源县,广东省,河源市,东源县,,,3
,,,东营区,山东省,东营市,东营区,,,3
,,,东阳市,浙江省,金华市,东阳市,,,3
,,,东兴市,广西壮族自治区,防城港市　　,东兴市,,,3
,,,东兴区,四川省,内江市,东兴区,,,3
,,,东乡县,江西省,抚州市,东乡县,,,3
,,,东台市,江苏省,盐城市,东台市,,,3
,,,东胜区,内蒙古自治区,鄂尔多斯市,东胜区,,,3
,,,东山县,福建省,漳州市,东山县,,,3
,,,东山区,黑龙江省,鹤岗市,东山区,,,3
,,,东坡区,四川省,眉山市,东坡区,,,3
,,,东平县,山东省,泰安市,东平县,,,3
,,,东宁县,黑龙江省,牡丹江市,东宁县,,,3
,,,东明县,山东省,菏泽市　　,东明县,,,3
,,,东辽县,吉林省,辽源市,东辽县,,,3
,,,东丽区,天津,天津市,东丽区,,,3
,,,东兰县,广西壮族自治区,河池市,东兰县,,,3
,,,东湖区,江西省,南昌市,东湖区,,,3
,,,东河区,内蒙古自治区,包头市,东河区,,,3
,,,东海县,江苏省,连云港市,东海县,,,3
,,,东光县,河北省,沧州市,东光县,,,3
,,,东莞市,广东省,东莞市,东莞市,,,3
,,,东港市,辽宁省,丹东市,东港市,,,3
,,,东港区,山东省,日照市,东港区,,,3
,,,东风区,黑龙江省,佳木斯市,东风区,,,3
,,,东丰县,吉林省,辽源市,东丰县,,,3
,,,东方市,海南省,东方市,东方市,,,3
,,,东川区,云南省,昆明市,东川区,,,3
,,,东城区,北京市,北京市,东城区,,,3
,,,东昌区,吉林省,通化市,东昌区,,,3
,,,东宝区,湖北省,荆门市,东宝区,,,3
,,,东安县,湖南省,永州市,东安县,,,3
,,,东安区,黑龙江省,牡丹江市,东安区,,,3
,,,东阿县,山东省,聊城市,东阿县,,,3
,,,定州市,河北省,保定市,定州市,,,3
,,,定远县,安徽省,滁州市,定远县,,,3
,,,定兴县,河北省,保定市,定兴县,,,3
,,,定襄县,山西省,忻州市,定襄县,,,3
,,,定陶县,山东省,菏泽市　　,定陶县,,,3
,,,定日县,西藏自治区,日喀则市,定日县,,,3
,,,定南县,江西省,赣州市,定南县,,,3
,,,定结县,西藏自治区,日喀则市,定结县,,,3
,,,定海区,浙江省,舟山市,定海区,,,3
,,,定边县,陕西省,榆林市,定边县,,,3
,,,定安县,海南省,定安县,定安县,,,3
,,,鼎湖区,广东省,肇庆市,鼎湖区,,,3
,,,鼎城区,湖南省,常德市,鼎城区,,,3
,,,丁青县,西藏自治区,昌都地区,丁青县,,,3
,,,叠彩区,广西壮族自治区,桂林市,叠彩区,,,3
,,,迭部县,甘肃省,甘南藏族自治州,迭部县,,,3
,,,垫江县,四川省,成都市,垫江县,,,3
,,,垫江县,重庆市,重庆市,垫江县,,,3
,,,电白县,广东省,茂名市,电白县,旧称，现和茂港区合并改为：电白区,,3
,,,电白区,广东省,茂名市,电白区,,,3
,,,点军区,湖北省,宜昌市,点军区,,,3
,,,滴道区,黑龙江省,鸡西市,滴道区,,,3
,,,磴口县,内蒙古自治区,巴彦淖尔市,磴口县,,,3
,,,邓州市,河南省,南阳市,邓州市,,,3
,,,登封市,河南省,郑州市,登封市,,,3
,,,灯塔市,辽宁省,辽阳市,灯塔市,,,3
,,,德兴市,江西省,上饶市,德兴市,,,3
,,,德庆县,广东省,肇庆市,德庆县,,,3
,,,德清县,浙江省,湖州市,德清县,,,3
,,,德钦县,云南省,迪庆藏族自治州,德钦县,,,3
,,,德江县,贵州省,铜仁地区,德江县,,,3
,,,德惠市,吉林省,长春市,德惠市,,,3
,,,德化县,福建省,泉州市,德化县,,,3
,,,德格县,四川省,甘孜藏族自治州,德格县,,,3
,,,德城区,山东省,德州市,德城区,,,3
,,,德昌县,四川省,凉山彝族自治州,德昌县,,,3
,,,德保县,广西壮族自治区,百色市,德保县,,,3
,,,德安县,江西省,九江市,德安县,,,3
,,,得荣县,四川省,甘孜藏族自治州,得荣县,,,3
,,,稻城县,四川省,甘孜藏族自治州,稻城县,,,3
,,,道外区,黑龙江省,哈尔滨市,道外区,,,3
,,,道里区,黑龙江省,哈尔滨市,道里区,,,3
,,,道孚县,四川省,甘孜藏族自治州,道孚县,,,3
,,,宕昌县,甘肃省,陇南市,宕昌县,,,3
,,,砀山县,安徽省,宿州市,砀山县,,,3
,,,当阳市,湖北省,宜昌市,当阳市,,,3
,,,当雄县,西藏自治区,拉萨市,当雄县,,,3
,,,当涂县,安徽省,马鞍山市,当涂县,,,3
,,,儋州市,海南省,儋州市,儋州市,,,3
,,,郸城县,河南省,周口市,郸城县,,,3
,,,丹寨县,贵州省,黔东南苗族侗族自治州,丹寨县,,,3
,,,丹阳市,江苏省,镇江市,丹阳市,,,3
,,,丹徒区,江苏省,镇江市,丹徒区,,,3
,,,丹棱县,四川省,眉山市,丹棱县,,,3
,,,丹凤县,陕西省,商洛市,丹凤县,,,3
,,,丹巴县,四川省,甘孜藏族自治州,丹巴县,,,3
,,,带岭区,黑龙江省,伊春市,带岭区,,,3
,,,岱岳区,山东省,泰安市,岱岳区,,,3
,,,岱山县,浙江省,舟山市,岱山县,,,3
,,,大竹县,四川省,达州市,大竹县,,,3
,,,大余县,江西省,赣州市,大余县,,,3
,,,大英县,四川省,遂宁市,大英县,,,3
,,,大邑县,四川省,成都市,大邑县,,,3
,,,大冶市,湖北省,黄石市,大冶市,,,3
,,,大姚县,云南省,楚雄彝族自治州,大姚县,,,3
,,,大兴区,北京市,北京市,大兴区,,,3
,,,大新县,广西壮族自治区,崇左市,大新县,,,3
,,,大祥区,湖南省,邵阳市,大祥区,,,3
,,,大悟县,湖北省,孝感市,大悟县,,,3
,,,大洼县,辽宁省,盘锦市,大洼县,,,3
,,,大同县,山西省,大同市,大同县,,,3
,,,大同区,黑龙江省,大庆市,大同区,,,3
,,,大通回族土族自治县,青海省,西宁市,大通回族土族自治县,,,9
,,,大通区,安徽省,淮南市,大通区,,,3
,,,大田县,福建省,三明市,大田县,,,3
,,,大埔县,广东省,梅州市,大埔县,,,3
,,,大宁县,山西省,临汾市,大宁县,,,3
,,,大名县,河北省,邯郸市,大名县,,,3
,,,大荔县,陕西省,渭南市,大荔县,,,3
,,,大化瑶族自治县,广西壮族自治区,河池市,大化瑶族自治县,,,7
,,,大观区,安徽省,安庆市,大观区,,,3
,,,大关县,云南省,昭通市,大关县,,,3
,,,大丰市,江苏省,盐城市,大丰市,,,3
,,,大方县,贵州省,毕节地区,大方县,,,3
,,,大东区,辽宁省,沈阳市,大东区,,,3
,,,大城县,河北省,廊坊市,大城县,,,3
,,,大安市,吉林省,白城市,大安市,,,3
,,,大安区,四川省,自贡市,大安区,,,3
,,,达孜县,西藏自治区,拉萨市,达孜县,,,3
,,,达日县,青海省,果洛藏族自治州,达日县,,,3
,,,达川区,四川省,达州市,达川区,,,3
,,,错那县,西藏自治区,山南地区,错那县,,,3
,,,措勤县,西藏自治区,阿里地区,措勤县,,,3
,,,措美县,西藏自治区,山南地区,措美县,,,3
,,,翠屏区,四川省,宜宾市,翠屏区,,,3
,,,翠峦区,黑龙江省,伊春市,翠峦区,,,3
,,,丛台区,河北省,邯郸市,丛台区,,,3
,,,从江县,贵州省,黔东南苗族侗族自治州,从江县,,,3
,,,从化区,广东省,广州市,从化区,旧称：从化市，新称：从化区,,3
,,,枞阳县,安徽省,安庆市,枞阳县,,,3
,,,慈溪市,浙江省,宁波市,慈溪市,,,3
,,,慈利县,湖南省,张家界市,慈利县,,,3
,,,淳化县,陕西省,咸阳市,淳化县,,,3
,,,淳安县,浙江省,杭州市,淳安县,,,3
,,,船营区,吉林省,吉林市,船营区,,,3
,,,船山区,四川省,遂宁市,船山区,,,3
,,,川汇区,河南省,周口市,川汇区,,,3
,,,楚雄市,云南省,楚雄彝族自治州,楚雄市,,,3
,,,崇州市,四川省,成都市,崇州市,,,3
,,,崇义县,江西省,赣州市,崇义县,,,3
,,,崇阳县,湖北省,咸宁市,崇阳县,,,3
,,,崇信县,甘肃省,平凉市,崇信县,,,3
,,,崇仁县,江西省,抚州市,崇仁县,,,3
,,,崇明县,上海,上海市,崇明县,,,3
,,,崇礼县,河北省,张家口市,崇礼县,,,3
,,,崇川区,江苏省,南通市,崇川区,,,3
,,,崇安区,江苏省,无锡市,崇安区,,,3
,,,赤水市,贵州省,遵义市,赤水市,,,3
,,,赤坎区,广东省,湛江市,赤坎区,,,3
,,,赤城县,河北省,张家口市,赤城县,,,3
,,,赤壁市,湖北省,咸宁市,赤壁市,,,3
,,,茌平县,山东省,聊城市,茌平县,,,3
,,,澄迈县,海南省,澄迈县,澄迈县,,,3
,,,澄江县,云南省,玉溪市,澄江县,,,3
,,,澄海区,广东省,汕头市,澄海区,,,3
,,,澄城县,陕西省,渭南市,澄城县,,,3
,,,城阳区,山东省,青岛市,城阳区,,,3
,,,城厢区,福建省,莆田市,城厢区,,,3
,,,白云区,广东省,广州市,白云区,,,3
,,,白云区,贵州省,贵阳市,白云区,,,3
,,,城西区,青海省,西宁市,城西区,,,3
,,,城口县,四川省,成都市,城口县,,,3
,,,城口县,重庆市,重庆市,城口县,,,3
,,,城关区,西藏自治区,拉萨市,城关区,,,3
,,,城关区,甘肃省,兰州市,城关区,,,3
,,,城固县,陕西省,汉中市,城固县,,,3
,,,城东区,青海省,西宁市,城东区,,,3
,,,城北区,青海省,西宁市,城北区,,,3
,,,承德县,河北省,承德市,承德县,,,3
,,,呈贡区,云南省,昆明市,呈贡区,,,3
,,,成武县,山东省,菏泽市　　,成武县,,,3
,,,成华区,四川省,成都市,成华区,,,3
,,,成安县,河北省,邯郸市,成安县,,,3
,,,称多县,青海省,玉树藏族自治州,称多县,,,3
,,,陈仓区,陕西省,宝鸡市,陈仓区,,,3
,,,辰溪县,湖南省,怀化市,辰溪县,,,3
,,,潮阳区,广东省,汕头市,潮阳区,,,3
,,,潮南区,广东省,汕头市,潮南区,,,3
,,,潮安县,广东省,潮州市,潮安县,旧区，但宝宝树&E店宝依然沿用,,3
,,,潮安区,广东省,潮州市,潮安区,新称，撤潮安县，设潮安区,,3
,,,朝阳县,辽宁省,朝阳市,朝阳县,,,3
,,,朝阳区,北京市,北京市,朝阳区,,,3
,,,朝阳区,吉林省,长春市,朝阳区,,,3
,,,朝天区,四川省,广元市,朝天区,,,3
,,,巢湖市,安徽省,合肥市,巢湖市,,,3
,,,常熟市,江苏省,苏州市,常熟市,,,3
,,,常山县,浙江省,衢州市,常山县,,,3
,,,常宁市,湖南省,衡阳市,常宁市,,,3
,,,昌邑市,山东省,潍坊市,昌邑市,,,3
,,,昌邑区,吉林省,吉林市,昌邑区,,,3
,,,昌图县,辽宁省,铁岭市,昌图县,,,3
,,,昌平区,北京市,北京市,昌平区,,,3
,,,昌宁县,云南省,保山市,昌宁县,,,3
,,,昌黎县,河北省,秦皇岛市,昌黎县,,,3
,,,昌乐县,山东省,潍坊市,昌乐县,,,3
,,,昌江区,江西省,景德镇市,昌江区,,,3
,,,昌吉市,新疆维吾尔自治区,昌吉回族自治州,昌吉市,,,3
,,,禅城区,广东省,佛山市,禅城区,,,3
,,,察隅县,西藏自治区,林芝地区,察隅县,,,3
,,,察雅县,西藏自治区,昌都地区,察雅县,,,3
,,,茶陵县,湖南省,株洲市,茶陵县,,,3
,,,曾都区,湖北省,随州市,曾都区,,,3
,,,岑溪市,广西壮族自治区,梧州市,岑溪市,,,3
,,,岑巩县,贵州省,黔东南苗族侗族自治州,岑巩县,,,3
,,,策勒县,新疆维吾尔自治区,和田地区,策勒县,,,3
,,,册亨县,贵州省,黔西南布依族苗族自治州,册亨县,,,3
,,,苍溪县,四川省,广元市,苍溪县,,,3
,,,苍梧县,广西壮族自治区,梧州市,苍梧县,,,3
,,,苍南县,浙江省,温州市,苍南县,,,3
,,,仓山区,福建省,福州市,仓山区,,,3
,,,蔡甸区,湖北省,武汉市,蔡甸区,,,3
,,,布拖县,四川省,凉山彝族自治州,布拖县,,,3
,,,博野县,河北省,保定市,博野县,,,3
,,,博兴县,山东省,滨州市,博兴县,,,3
,,,博望区,安徽省,马鞍山市,博望区,,,3
,,,博罗县,广东省,惠州市,博罗县,,,3
,,,博乐市,新疆维吾尔自治区,博尔塔拉蒙古自治州,博乐市,,,3
,,,博湖县,新疆维吾尔自治区,巴音郭楞蒙古自治州,博湖县,,,3
,,,博白县,广西壮族自治区,玉林市,博白县,,,3
,,,博爱县,河南省,焦作市,博爱县,,,3
,,,勃利县,黑龙江省,七台河市,勃利县,,,3
,,,泊头市,河北省,沧州市,泊头市,,,3
,,,波密县,西藏自治区,林芝地区,波密县,,,3
,,,滨江区,浙江省,杭州市,滨江区,,,3
,,,滨湖区,江苏省,无锡市,滨湖区,,,3
,,,滨海县,江苏省,盐城市,滨海县,,,3
,,,滨城区,山东省,滨州市,滨城区,,,3
,,,宾阳县,广西壮族自治区,南宁市,宾阳县,,,3
,,,宾川县,云南省,大理白族自治州,宾川县,,,3
,,,边坝县,西藏自治区,昌都地区,边坝县,,,3
,,,璧山县,重庆市,重庆市,璧山县,旧,,3
,,,璧山区,重庆市,重庆市,璧山区,新称,,3
,,,璧山县,四川省,成都市,璧山县,,,3
,,,碧江区,贵州省,铜仁地区,碧江区,,,3
,,,比如县,西藏自治区,那曲地区,比如县,,,3
,,,北镇市,辽宁省,锦州市,北镇市,,,3
,,,北屯市,新疆维吾尔自治区,省直管市,北屯市,,,3
,,,北塘区,江苏省,无锡市,北塘区,,,3
,,,北塔区,湖南省,邵阳市,北塔区,,,3
,,,北市区,河北省,保定市,北市区,,,3
,,,北票市,辽宁省,朝阳市,北票市,,,3
,,,北仑区,浙江省,宁波市,北仑区,,,3
,,,北流市,广西壮族自治区,玉林市,北流市,,,3
,,,北林区,黑龙江省,绥化市,北林区,,,3
,,,北湖区,湖南省,郴州市,北湖区,,,3
,,,北关区,河南省,安阳市,北关区,,,3
,,,北辰区,天津,天津市,北辰区,,,3
,,,北碚区,重庆市,重庆市,北碚区,,,3
,,,北安市,黑龙江省,黑河市,北安市,,,3
,,,碑林区,陕西省,西安市,碑林区,,,3
,,,保靖县,湖南省,湘西土家族苗族自治州,保靖县,,,3
,,,保德县,山西省,忻州市,保德县,,,3
,,,宝应县,江苏省,扬州市,宝应县,,,3
,,,宝兴县,四川省,雅安市,宝兴县,,,3
,,,宝塔区,陕西省,延安市,宝塔区,,,3
,,,宝山区,上海,上海市,宝山区,,,3
,,,宝山区,黑龙江省,双鸭山市,宝山区,,,3
,,,宝清县,黑龙江省,双鸭山市,宝清县,,,3
,,,宝丰县,河南省,平顶山市,宝丰县,,,3
,,,宝坻区,天津,天津市,宝坻区,,,3
,,,宝安区,广东省,深圳市,宝安区,,,3
,,,路北区,河北省,唐山市,路北区,,,3
,,,包河区,安徽省,合肥市,包河区,,,3
,,,蚌山区,安徽省,蚌埠市,蚌山区,,,3
,,,班玛县,青海省,果洛藏族自治州,班玛县,,,3
,,,班戈县,西藏自治区,那曲地区,班戈县,,,3
,,,拜泉县,黑龙江省,齐齐哈尔市,拜泉县,,,3
,,,拜城县,新疆维吾尔自治区,阿克苏地区,拜城县,,,3
,,,柏乡县,河北省,邢台市,柏乡县,,,3
,,,白玉县,四川省,甘孜藏族自治州,白玉县,,,3
,,,白银区,甘肃省,白银市,白银区,,,3
,,,白塔区,辽宁省,辽阳市,白塔区,,,3
,,,白水县,陕西省,渭南市,白水县,,,3
,,,白朗县,西藏自治区,日喀则市,白朗县,,,3
,,,白河县,陕西省,安康市,白河县,,,3
,,,灞桥区,陕西省,西安市,灞桥区,,,3
,,,霸州市,河北省,廊坊市,霸州市,,,3
,,,巴州区,四川省,巴中市,巴州区,,,3
,,,巴彦县,黑龙江省,哈尔滨市,巴彦县,,,3
,,,巴塘县,四川省,甘孜藏族自治州,巴塘县,,,3
,,,巴青县,西藏自治区,那曲地区,巴青县,,,3
,,,巴南区,重庆市,重庆市,巴南区,,,3
,,,巴东县,湖北省,恩施土家族苗族自治州,巴东县,,,3
,,,巴楚县,新疆维吾尔自治区,喀什地区,巴楚县,,,3
,,,八宿县,西藏自治区,昌都地区,八宿县,,,3
,,,八步区,广西壮族自治区,贺州市,八步区,,,3
,,,敖汉旗,内蒙古自治区,赤峰市,敖汉旗,,,3
,,,昂仁县,西藏自治区,日喀则市,昂仁县,,,3
,,,安泽县,山西省,临汾市,安泽县,,,3
,,,安岳县,四川省,资阳市,安岳县,,,3
,,,安远县,江西省,赣州市,安远县,,,3
,,,安源区,江西省,萍乡市,安源区,,,3
,,,安义县,江西省,南昌市,安义县,,,3
,,,安阳县,河南省,安阳市,安阳县,,,3
,,,安新县,河北省,保定市,安新县,,,3
,,,安乡县,湖南省,常德市,安乡县,,,3
,,,安溪县,福建省,泉州市,安溪县,,,3
,,,安图县,吉林省,延边朝鲜族自治州,安图县,,,3
,,,安塞县,陕西省,延安市,安塞县,,,3
,,,安仁县,湖南省,郴州市,安仁县,,,3
,,,安丘市,山东省,潍坊市,安丘市,,,3
,,,安平县,河北省,衡水市,安平县,,,3
,,,安宁市,云南省,昆明市,安宁市,,,3
,,,安宁区,甘肃省,兰州市,安宁区,,,3
,,,安陆市,湖北省,孝感市,安陆市,,,3
,,,安龙县,贵州省,黔西南布依族苗族自治州,安龙县,,,3
,,,安居区,四川省,遂宁市,安居区,,,3
,,,安化县,湖南省,益阳市,安化县,,,3
,,,安国市,河北省,保定市,安国市,,,3
,,,安福县,江西省,吉安市,安福县,,,3
,,,安多县,西藏自治区,那曲地区,安多县,,,3
,,,安定区,甘肃省,定西市,安定区,,,3
,,,安达市,黑龙江省,绥化市,安达市,,,3
,,,安次区,河北省,廊坊市,安次区,,,3
,,,爱民区,黑龙江省,牡丹江市,爱民区,,,3
,,,爱辉区,黑龙江省,黑河市,爱辉区,,,3
,,,阿荣旗,内蒙古自治区,呼伦贝尔市,阿荣旗,,,3
,,,阿坝县,四川省,阿坝藏族羌族自治州,阿坝县,,,3
,,,高新区,陕西省,安康市,高新区,,,3
,,,苍山县,山东省,临沂市,苍山县,,,3
,,,白下区,江苏省,南京市,白下区,,,3
,,,下关区,江苏省,南京市,下关区,,,3
,,,吴江市,江苏省,苏州市,吴江市,旧称，新称：吴江区,,3
,,,塘沽区,天津,天津市,塘沽区,,,3
,,,四方区,山东省,青岛市,四方区,,,3
,,,沧浪区,江苏省,苏州市,沧浪区,,,3
,,,溧水县,江苏省,南京市,溧水县,,,3
,,,藁城市,河北省,石家庄市,藁城市,,,3
,,,阿城市,黑龙江省,哈尔滨市,阿城市,,,3
,,,清新县,广东省,清远市,清新县,已撤销,,3
,,,胶南市,山东省,青岛市,胶南市,,,3
,,,梁平县,四川省,成都市,梁平县,,,3
,,,动力区,黑龙江省,哈尔滨市,动力区,,,3
,,,兖州市,山东省,济宁市,兖州市,撤兖州市，设兖州区,,3
,,,大足县,重庆市,重庆市,大足县,旧,,3
,,,宣武区,北京市,北京市,宣武区,,,3
,,,增城市,广东省,广州市,增城市,,,3
,,,南康市,江西省,赣州市,南康市,,,3
,,,昌北区,江西省,南昌市,昌北区,,,3
,,,楚州区,江苏省,淮安市,楚州区,,,3
,,,新浦区,江苏省,连云港市,新浦区,,,3
,,,上虞市,浙江省,绍兴市,上虞市,旧称，撤上虞市，设上虞区,,3
,,,鹿泉市,河北省,石家庄市,鹿泉市,,,3
,,,平江区,江苏省,苏州市,平江区,,,3
,,,唐海县,河北省,唐山市,唐海县,,,3
,,,姜堰市,江苏省,泰州市,姜堰市,,,3
,,,文登市,山东省,威海市,文登市,,,3
,,,江都市,江苏省,扬州市,江都市,,,3
,,,望城县,湖南省,长沙市,望城县,,,3
,,,綦江县,重庆市,重庆市,綦江县,,,3
,,,江源县,吉林省,白山市,江源县,,,3
,,,南汇区,上海,上海市,南汇区,,,3
,,,高淳县,江苏省,南京市,高淳县,,,3
,,,东陵区,辽宁省,沈阳市,东陵区,,,3
,,,鹿泉市,河北省,石家庄市,鹿泉市,,,3
,,,赣榆县,江苏省,连云港市,赣榆县,,,3
,,,楚州区,江苏省,淮安市,楚州区,,,3
,,,楚州区,江苏省,淮安市,楚州区,,,3
,,,金阊区,江苏省,苏州市,金阊区,,,3
,,,杨凌区,陕西省,咸阳市,杨凌区,,,3
,,,维扬区,江苏省,扬州市,维扬区,,,3
,,,栾城县,河北省,石家庄,栾城县,,,3
,,,小河区,贵州省,贵阳市,小河区,,,3
,,,黄梅县,湖北省,黄冈市,黄梅县,,,3
,,,卢湾区,上海,上海市,卢湾区,,,3
,,,崇文区,北京市,北京市,崇文区,,,3
,,,新河县,河北省,邢台市,新河县,,,3
,,,九里区,江苏省,徐州市,九里区,撤销徐州市九里区、江苏省铜山县，设立徐州市铜山区,,3
,,,居巢区,安徽省,合肥市,居巢区,,,3
,,,通州市,江苏省,南通市,通州市,,,3
,,,建阳市,福建省,南平市,建阳市,,,3
,,,枫溪区,广东省,潮州市,枫溪区,,,3
,,,金唐区,广东省,珠海市,金唐区,,,3
,,,汉沽区,天津,天津市,汉沽区,,,3
,,,三沙市,海南省,三沙市,三沙市,,,3
,,,元坝区,四川省,广元市,元坝区,,,3
,,,呈贡县,云南省,昆明市,呈贡县,,,3
,,,万盛区,重庆市,重庆市,万盛区,,,3
,,,扶余县,吉林省,松原市,扶余县,已撤,,3
,,,永红区,黑龙江省,佳木斯市,永红区,,,3
,,,从化市,广东省,广州市,从化市,旧称,,3
,,,敦化市,吉林省,延边朝鲜族自治州,敦化市,,,3
,,,磐石市,吉林省,吉林市,磐石市,,,3
,,,郎溪县,安徽省,宣城市,郎溪县,,,3
,,,新宁县,湖南省,邵阳市,新宁县,,,3
,,,扎达县,西藏自治区,阿里地区,扎达县,,,3
,,,阿城区,黑龙江省,哈尔滨市,阿城区,,,3
,,,大足区,重庆市,重庆市,大足区,新立,,3
,,,城中区,广西壮族自治区,柳州市,城中区,,,3
,,,城中区,青海省,西宁市,城中区,,,3
,,,新站区,安徽省,合肥市,新站区,新立,,3
,,,桥西区,河北省,石家庄市,桥西区,,,3
,,,桥西区,河北省,邢台市,桥西区,,,3
,,,桥西区,河北省,张家口市,桥西区,,,3
,,,桥东区,河北省,邢台市,桥东区,,,3
,,,桥东区,河北省,张家口市,桥东区,,,3
,,,绍兴县,浙江省,绍兴市,绍兴县,,,3
,,,新城区,陕西省,西安市,新城区,,,3
,,,新城区,内蒙古自治区,呼和浩特市,新城区,,,3
,,,忠县,四川省,成都市,忠县,,,2
,,,忠县,重庆市,重庆市,忠县,,,2
,,,赵县,河北省,石家庄市,赵县,,,2
,,,郧县,湖北省,十堰市,郧县,,,2
,,,盂县,山西省,阳泉市,盂县,,,2
,,,攸县,湖南省,株洲市,攸县,,,2
,,,黟县,安徽省,黄山市,黟县,,,2
,,,叶县,河南省,平顶山市,叶县,,,2
,,,雄县,河北省,保定市,雄县,,,2
,,,萧县,安徽省,宿州市,萧县,,,2
,,,献县,河北省,沧州市,献县,,,2
,,,夏县,山西省,运城市,夏县,,,2
,,,隰县,山西省,临汾市,隰县,,,2
,,,歙县,安徽省,黄山市,歙县,,,2
,,,息县,河南省,信阳市,息县,,,2
,,,文县,甘肃省,陇南市,文县,,,2
,,,温县,河南省,焦作市,温县,,,2
,,,魏县,河北省,邯郸市,魏县,,,2
,,,蔚县,河北省,张家口市,蔚县,,,2
,,,威县,河北省,邢台市,威县,,,2
,,,藤县,广西壮族自治区,梧州市,藤县,,,2
,,,索县,西藏自治区,那曲地区,索县,,,2
,,,随县,湖北省,随州市,随县,,,2
,,,睢县,河南省,商丘市,睢县,,,2
,,,嵩县,河南省,洛阳市,嵩县,,,2
,,,泗县,安徽省,宿州市,泗县,,,2
,,,莘县,山东省,聊城市,莘县,,,2
,,,涉县,河北省,邯郸市,涉县,,,2
,,,陕县,河南省,三门峡市,陕县,,,2
,,,沙县,福建省,三明市,沙县,,,2
,,,荣县,四川省,自贡市,荣县,,,2
,,,任县,河北省,邢台市,任县,,,2
,,,渠县,四川省,达州市,渠县,,,2
,,,青县,河北省,沧州市,青县,,,2
,,,沁县,山西省,长治市,沁县,,,2
,,,乾县,陕西省,咸阳市,乾县,,,2
,,,杞县,河南省,开封市,杞县,,,2
,,,淇县,河南省,鹤壁市,淇县,,,2
,,,祁县,山西省,晋中市,祁县,,,2
,,,蒲县,山西省,临汾市,蒲县,,,2
,,,郫县,四川省,成都市,郫县,,,2
,,,沛县,江苏省,徐州市,沛县,,,2
,,,盘县,贵州省,六盘水市,盘县,,,2
,,,岷县,甘肃省,定西市,岷县,,,2
,,,勉县,陕西省,汉中市,勉县,,,2
,,,眉县,陕西省,宝鸡市,眉县,,,2
,,,茂县,四川省,阿坝藏族羌族自治州,茂县,,,2
,,,芒市,云南省,德宏傣族景颇族自治州,芒市,,,2
,,,滦县,河北省,唐山市,滦县,,,2
,,,泸县,四川省,泸州市,泸县,,,2
,,,陇县,陕西省,宝鸡市,陇县,,,2
,,,临县,山西省,吕梁市,临县,,,2
,,,澧县,湖南省,常德市,澧县,,,2
,,,理县,四川省,阿坝藏族羌族自治州,理县,,,2
,,,蠡县,河北省,保定市,蠡县,,,2
,,,朗县,西藏自治区,林芝地区,朗县,,,2
,,,康县,甘肃省,陇南市,康县,,,2
,,,开县,重庆市,重庆市,开县,,,2
,,,开县,四川省,成都市,开县,,,2
,,,浚县,河南省,鹤壁市,浚县,,,2
,,,莒县,山东省,日照市,莒县,,,2
,,,景县,河北省,衡水市,景县,,,2
,,,泾县,安徽省,宣城市,泾县,,,2
,,,郊区,黑龙江省,佳木斯市,郊区,,,2
,,,郊区,山西省,阳泉市,郊区,,,2
,,,郊区,山西省,长治市,郊区,,,2
,,,郊区,安徽省,铜陵市,郊区,,,2
,,,绛县,山西省,运城市,绛县,,,2
,,,郏县,河南省,平顶山市,郏县,,,2
,,,佳县,陕西省,榆林市,佳县,,,2
,,,蓟县,天津,天津市,蓟县,,,2
,,,吉县,山西省,临汾市,吉县,,,2
,,,徽县,甘肃省,陇南市,徽县,,,2
,,,环县,甘肃省,庆阳市,环县,,,2
,,,滑县,河南省,安阳市,滑县,,,2
,,,华县,陕西省,渭南市,华县,,,2
,,,户县,陕西省,西安市,户县,,,2
,,,横县,广西壮族自治区,南宁市,横县,,,2
,,,冠县,山东省,聊城市,冠县,,,2
,,,古县,山西省,临汾市,古县,,,2
,,,珙县,四川省,宜宾市,珙县,,,2
,,,高县,四川省,宜宾市,高县,,,2
,,,赣县,江西省,赣州市,赣县,,,2
,,,富县,陕西省,延安市,富县,,,2
,,,费县,山东省,临沂市,费县,,,2
,,,房县,湖北省,十堰市,房县,,,2
,,,范县,河南省,濮阳市,范县,,,2
,,,道县,湖南省,永州市,道县,,,2
,,,单县,山东省,菏泽市　　,单县,,,2
,,,代县,山西省,忻州市,代县,,,2
,,,磁县,河北省,邯郸市,磁县,,,2
,,,成县,甘肃省,陇南市,成县,,,2
,,,曹县,山东省,菏泽市　　,曹县,,,2
,,,沧县,河北省,沧州市,沧县,,,2
,,,彬县,陕西省,咸阳市,彬县,,,2
,,,宾县,黑龙江省,哈尔滨市,宾县,,,2
,,,应县,山西省,朔州市,应县,,,2
,,,安县,四川省,绵阳市,安县,,,2
,,,城区,山西省,大同市,城区,,,2
,,,城区,山西省,阳泉市,城区,,,2
,,,城区,山西省,长治市,城区,,,2
,,,城区,山西省,晋城市,城区,,,2
,,,城区,广东省,汕尾市,城区,,,2
,,,西区,四川省,攀枝花市,西区,,,2
,,,矿区,山西省,大同市,矿区,,,2
,,,矿区,山西省,阳泉市,矿区,,,2
,,,漳县,甘肃省,定西市,漳县,,,2
,,,义县,辽宁省,锦州市,义县,,,2
,,,唐县,河北省,保定市,唐县,,,2
,,,邱县,河北省,邯郸市,邱县,,,2
,,,东区,四川省,攀枝花市,东区,,,2
,,,南县,湖南省,益阳市,南县,,,2
,,,园区,江苏省,苏州市,园区,,,2
,,,和县,安徽省,马鞍山市,和县,,,2
,,,礼县,甘肃省,陇南市,礼县,,,2
,,,新县,河南省,信阳市,新县,,,2
,,,陵县,山东省,德州市,陵县,,,2
,,,云县,云南省,临沧市,云县,,,2
,,,梅县,广东省,梅州市,梅县,,,2
,,,达县,四川省,达州市,达县,,,2
,,,丰县,江苏省,徐州市,丰县,,,2
,,,凤县,陕西省,宝鸡市,凤县,,,2
,,,兴县,山西省,吕梁市,兴县,,,2
,,,宁县,甘肃省,庆阳市,宁县,,,2
,,,寿县,安徽省,六安市,寿县,,,2
,,,岚县,山西省,吕梁市,岚县,,,2
,,,易县,河北省,保定市,易县,,,2
,,,新区,江苏省,无锡市,新区,,,2
,,,梅县,广东省,梅州市,梅县,旧称,,2
,,,洋县,陕西省,汉中市,洋县,,,2
,,,容县,广西壮族自治区,玉林市,容县,,,2
,,,蝶山区,广西壮族自治区,梧州市,蝶山区,,,3
,,,新林区,黑龙江省,大兴安岭地区,新林区,,,
